:020000040800F2
:10000000206500202902000835620008B95900085F
:1000100015620008D9110008CD7400080000000026
:10002000000000000000000000000000416A00081D
:10003000312600080000000031640008756A0008DD
:10004000430200084302000843020008430200087C
:10005000430200084302000843020008430200086C
:10006000430200084302000843020008430200085C
:10007000430200084302000843020008430200084C
:100080003D2400084D2400084302000843020008F4
:10009000DD110008ED1100084302000843020008CA
:1000A00043020008696B000843020008430200088D
:1000B000796B0008896B00084302000843020008BE
:1000C00043020008430200084302000843020008FC
:1000D00043020008AD740008BD7400084302000824
:1000E00043020008430200084302000843020008DC
:1000F00043020008430200084302000843020008CC
:1001000043020008430200084302000843020008BB
:1001100043020008430200084302000843020008AB
:1001200043020008430200085D240008430200085F
:100130004302000800000000000000004302000825
:10014000FD1100080D1200084302000843020008D8
:1001500043020008430200086D240008430200081F
:10016000430200084302000843020008430200085B
:1001700043020008430200080000000000000000E5
:10018000430200084302000800F002F800F03CF8C7
:100190000AA090E8000C82448344AAF10107DA45E2
:1001A00001D100F031F8AFF2090EBAE80F0013F0F8
:1001B000010F18BFFB1A43F00103184708B80000ED
:1001C00028B80000103A24BF78C878C1FAD852077E
:1001D00024BF30C830C144BF04680C6070470000C1
:1001E0000023002400250026103A28BF78C1FBD840
:1001F000520728BF30C148BF0B6070471FB50BF0D6
:100200005CFB1FBD10B510BD00F054F91146FFF79F
:10021000F5FF08F059F800F072F903B4FFF7F2FFA8
:1002200003BC00F075F90000094880470948004701
:10023000FEE7FEE7FEE7FEE7FEE7FEE7FEE7FEE796
:10024000FEE7FEE704480549054A064B70470000F3
:10025000556B000889010008205900202065002006
:10026000206100202061002053EA020C00F0698028
:100270002DE9F04B4FF00006002B1FBFB3FA83F5BA
:1002800003FA05F424FA05F65E4012BF1643B2FAEB
:1002900082F502FA05F4C5F120051EBF22FA05FC1D
:1002A00044EA0C04203556EA044C4FEA144418BFC3
:1002B000641C4FF000084FF00009904271EB030CF2
:1002C00039D3002919BFB1FA81F701FA07F6B0FA5C
:1002D00080F700FA07F6C7F120071EBF20FA07FCD7
:1002E00046EA0C062037B6FBF4FCA7EB0507103FE7
:1002F00007F01F0BCBF120062CFA06F60CFA0BFBCD
:1003000044BFB3460026202FA4BF5E464FF0000B2B
:100310005BEA060C08BF4FF0010B19EB0B0948EB29
:100320000608ABFB027C06FB02CC0BFB03CCC01B1C
:1003300071EB0C01C1E70B46024641464846BDE859
:10034000F08B13B5084318BF4FF0FF300146AFF3F1
:100350000080BDE81C407047032A40F2308010F056
:10036000030C00F0158011F8013BBCF1020F624450
:1003700098BF11F801CB00F8013B38BF11F8013BE1
:10038000A2F1040298BF00F801CB38BF00F8013B8E
:1003900011F0030300F05780083AC0F0088051F8CC
:1003A000043B083A51F804CBA0E80810F5E7121D09
:1003B0005CBF51F8043B40F8043BAFF30080D20728
:1003C00024BF11F8013B11F801CB48BF11F8012BF4
:1003D00024BF00F8013B00F801CB48BF00F8012B17
:1003E000704702F0FF0343EA032242EA024200F0B0
:1003F00002B84FF0000200B51346944696462039E5
:1004000022BFA0E80C50A0E80C50B1F12001BFF4CD
:10041000F7AF090728BFA0E80C5048BF0CC05DF833
:1004200004EB890028BF40F8042B08BF704748BF81
:1004300020F8022B11F0804F18BF00F8012B7047F5
:1004400070477047704710B5203AC0F00B80B1E894
:100450001850A0E81850B1E81850A0E81850203AF9
:10046000BFF4F5AF5FEA027C24BFB1E81850A0E802
:10047000185044BF18C918C0BDE810405FEA827C1C
:1004800024BF51F8043B40F8043B08BF7047D20733
:1004900028BF31F8023B48BF11F8012B28BF20F8D4
:1004A000023B48BF00F8012B70470000004870472E
:1004B000100000207546FFF7F9FFAE4605006946BB
:1004C000534620F00700854618B020B5FFF7BAFE66
:1004D000BDE820404FF000064FF000074FF0000845
:1004E0004FF0000BAC46ACE8C009ACE8C009ACE882
:1004F000C009ACE8C00921F007018D46704710B56E
:100500000446AFF300802046BDE81040FFF785BEEB
:1005100001491820ABBEFEE726000200704700002C
:1005200080B586B00590FFE740F27401C2F2000189
:1005300008788DF81300002008708DF81200FFE78E
:100540009DF812009DF8131088421DDAFFE7002085
:10055000C4F2020002904FF480710191012203F075
:1005600009FD2820039007F0E7FE01990298002278
:1005700003F000FD039807F0DFFEFFE79DF812008F
:1005800001308DF81200DBE7012007F0D5FECBE744
:1005900080B586B00020C4F2020002904FF4807152
:1005A00003910122019203F0E5FCC820009003F0C2
:1005B000E3FA029803990022049203F0DBFC00980E
:1005C00003F0DAFA019A0298039903F0D3FC32207F
:1005D000059003F0D1FA02980399049A03F0CAFC3B
:1005E000059803F0C9FA019A0298039903F0C2FC36
:1005F000059803F0C1FA02980399049A03F0BAFC33
:10060000059803F0B9FA06B080BD000080B586B049
:10061000059007F0D7FE0490FFE700F0CFFA00F056
:1006200069FD05F09BFF06F00DF900F0F7FF01F002
:1006300093F88DF80F009DF80F00013801460291E4
:10064000092800F27B800299DFE801F005141939CE
:10065000424B545D666F00F08FF900F0ABFD05F082
:1006600071FF06F0E7F841F20D51C2F200010020DF
:10067000087064E000F0BEF900F0D2F95FE006F027
:100680005FF806F0ABF900F0C5F98DF80E009DF8A3
:100690000E00072805D0FFE79DF80E00062803D1BD
:1006A000FFE700F03FFBFFE705F0E2FF06F040F94F
:1006B00041F20D51C2F20001FF2008703FE006F048
:1006C00003F841F20D51C2F200010520087036E036
:1006D00005F0DCFF41F20D51C2F200010520087067
:1006E0002DE006F00FF841F20D51C2F20001052095
:1006F000087024E006F024F941F20D51C2F2000125
:10070000062008701BE006F035F941F20D51C2F2E7
:1007100000010620087012E006F046F941F20D5182
:10072000C2F200010620087009E006F071F841F2FB
:100730000D51C2F200010820087000E0FFE700F050
:10074000F5FE40F64D40C2F200000078012809D1C4
:10075000FFE706F00FF940F64D41C2F2000100201C
:100760000870FFE740F64C40C2F200000078012814
:100770000BD1FFE700F03EF900F052F940F64C4192
:10078000C2F2000100200870FFE740F64E40C2F2BE
:1007900000000078012809D1FFE706F039F840F69B
:1007A0004E41C2F2000100200870FFE740F64F40C2
:1007B000C2F200000078012809D1FFE705F066FFCA
:1007C00040F64F41C2F2000100200870FFE740F6FA
:1007D0005040C2F200000078012809D1FFE705F07F
:1007E00095FE40F65041C2F2000100200870FFE77C
:1007F00040F65140C2F200000078012820D1FFE706
:1008000005F09EFF06F0EAF800F004F98DF80D00FF
:100810009DF80D00072805D0FFE79DF80D0006287C
:1008200003D1FFE700F07EFAFFE705F021FF06F0B5
:100830007FF840F65141C2F2000100200870FFE746
:1008400040F65240C2F20000007801280BD1FFE7C9
:1008500001200F2109F028F940F65241C2F20001AF
:1008600000200870FFE740F65340C2F20000007815
:1008700001280CD1FFE701200021019109F014F9B2
:10088000019840F65341C2F200010870FFE7049856
:1008900005300490049807F069FDBEE680B584B089
:1008A00003F080FB0390039840F60041C2F2000180
:1008B000896B401A132801D8FFE73FE0039940F6FF
:1008C0000040C2F20000816390F8340001460291BA
:1008D000062832D80299DFE801F02F042A2B2C2DAC
:1008E0002E0040F60040C2F2000090F835000146AC
:1008F000019103281AD80199DFE801F002151617B3
:1009000040F60040C2F2000090ED050AB7EE001A72
:1009100030EE010A80ED050A90ED060A30EE010A7C
:1009200080ED060A02E001E000E0FFE706E005E0F6
:1009300004E003E002E001E0FFE7FFE704B080BD70
:1009400080B582B040F60041C2F200010191086812
:1009500091ED050A91ED071A30EE010A01F000FC55
:100960000199486891ED060A91ED081A30EE010AE6
:1009700007F066FB02B080BD80B582B000F020F8C1
:1009800038B9FFE740F60041C2F2000108200872C2
:1009900013E040F60040C2F200000190006801F050
:1009A00079F80198406807F0DFF90199002081F893
:1009B000360081F83C000872FFE702B080BD0000FD
:1009C00081B040F60040C2F20000016800200090B3
:1009D00051B1FFE740F60040C2F200004068002835
:1009E00018BF01200090FFE7009800F0010001B05F
:1009F0007047000040F60040C2F20000007A08B1E3
:100A0000FFE706E040F60041C2F200010120087253
:100A1000FFE7704740F60040C2F20000007A7047DE
:100A200080B582B040F60040C2F20000007A012892
:100A300008D0FFE740F60040C2F20000007A072825
:100A400004D1FFE7FFF7BCFF08B9FFE715E040F668
:100A50000040C2F2000001900021C162018580F8CF
:100A6000361080F8341002210172006801F0A2FBF8
:100A70000198406807F000FBFFE702B080BD00006E
:100A800082B00190009140F27001C2F200014BF679
:100A9000EC00C0F60000086040F60041C2F2000120
:100AA000002081F83C00019A0A60009A4A600872AE
:100AB000C860086148618861C86108624FF07E5271
:100AC0004A620885C862086381F8340081F83500FD
:100AD00081F8360002B0704781B040F60040C2F2A3
:100AE000000090ED030A90ED052A90ED091A30EE12
:100AF000420AB0EEC00AB4EE410AF1EE10FA24DA6E
:100B0000FFE740F60040C2F2000090ED040A90EDCD
:100B1000062A90ED091A30EE420AB0EEC00AB4EE91
:100B2000410AF1EE10FA10DAFFE740F60040C2F297
:100B30000000018D01310185008D0A2804D3FFE7F3
:100B400001208DF803000BE006E040F60041C2F200
:100B5000000100200885FFE700208DF80300FFE773
:100B60009DF8030001B0704780B5012000F098F9AE
:100B700080BD000080B5002000F092F980BD00002B
:100B800080B5032000F08CF980BD000080B5042002
:100B900000F086F980BD000080B5052000F080F9E6
:100BA00080BD000080B5062000F07AF980BD00000D
:100BB00080B5022000F074F980BD000080B582B0DD
:100BC00000F03AFA40F60040C2F20000007A014616
:100BD0000191082800F29C800199DFE801F0970557
:100BE000064553547894980099E040F60040C2F2CC
:100BF0000000C16A0131C162006801F049F900B327
:100C0000FFE740F60040C2F20000406807F022F91A
:100C1000B8B1FFE740F60041C2F200010091086858
:100C2000806BC8614868006A08624A68002082F8E0
:100C3000A10048610020C4F22010886103200872DE
:100C400011E040F60040C2F20000C06A42F21171A9
:100C5000884207D3FFE740F60041C2F200010820B6
:100C60000872FFE7FFE75AE0FFF76AFEFFF734FF7D
:100C700038B1FFE740F60041C2F2000104200872DB
:100C8000FFE74CE04BE040F60040C2F2000090F875
:100C90003600C00728B1FFE7FFF700FEFFF750FE60
:100CA00014E0FFF74DFE40F60041C2F20001086B70
:100CB00001300863FFF710FF38B1FFE740F600414D
:100CC000C2F2000106200872FFE7FFE727E040F6C6
:100CD0000040C2F2000090F83C00C00790B1FFE76E
:100CE00040F60041C2F2000104200872002081F8A1
:100CF00036000885086381F8340081F8350081F8F2
:100D00003C00FFE70BE0FFF71BFE08E007E006E012
:100D100040F60041C2F2000108200872FFE702B06D
:100D200080BD000080B540F60040C2F20000007AAD
:100D3000072809D0FFE740F60040C2F20000007A21
:100D4000062801D0FFE711E0FFF72CFF40F6004036
:100D5000C2F20000007A052808D1FFE740F6004102
:100D6000C2F20001012081F83C00FFE780BD0000D5
:100D700082B08DF807009DF8070001460091062813
:100D800000F285800099DFE801F00416283A4C5EF5
:100D9000700040F60041C2F20001012081F83400E9
:100DA00040F27000C2F20000026812684A610068F6
:100DB0004068886172E040F60041C2F20001022002
:100DC00081F8340040F27000C2F2000002689268BC
:100DD0004A610068C068886160E040F60041C2F284
:100DE0000001032081F8340040F27000C2F20000DC
:100DF000026812694A610068406988614EE040F605
:100E00000041C2F20001042081F8340040F2700079
:100E1000C2F20000026892694A610068C069886194
:100E20003CE040F60041C2F20001052081F83400A8
:100E300040F27000C2F200000268126A4A61006863
:100E4000406A88612AE040F60041C2F200010620B3
:100E500081F8340040F27000C2F200000268926A29
:100E60004A610068C06A886118E040F27000C2F20E
:100E7000000001680A6B40F60041C2F200014A61BD
:100E80000068406B8861002081F8340006E040F67D
:100E90000041C2F2000108200872FFE702B070476B
:100EA00080B584B08DF80F0040F60040C2F200001B
:100EB000007A042810D0FFE740F60040C2F200009C
:100EC000007A062808D0FFE740F60040C2F2000092
:100ED000007A072804D1FFE7FFF772FD08B9FFE7A2
:100EE0001CE040F60041C2F2000102910020019096
:100EF00081F83C0000F0A0F80299C86848610869D0
:100F000088619DF80F00FFF733FF0198029981F87F
:100F100036000885086305200872FFE704B080BD2D
:100F200080B540F60040C2F20000007A08B9FFE741
:100F300047E040F60040C2F20000007A022817D1D4
:100F4000FFE700F03FF840F60040C2F20000007AF0
:100F5000082801D1FFE734E0FFF7F2FC40F600413A
:100F6000C2F20001002081F836000120087228E05A
:100F700040F60040C2F20000007A012801D1FFE7EC
:100F80001EE040F60040C2F20000007A082801D1BD
:100F9000FFE714E000F016F840F60040C2F200004F
:100FA000007A082801D1FFE70BE040F60041C2F2C9
:100FB0000001002081F8360007200872FFE7FFE7F4
:100FC000FFE780BD80B5FFF7FBFC38B9FFE740F6CF
:100FD0000041C2F20001082008720AE000F02CF87B
:100FE00040F60041C2F20001C868486108698861A2
:100FF000FFE780BD80B540F60040C2F2000090F8E7
:101000003600C00708B9FFE714E0FFF7DBFF40F642
:101010000040C2F20000007A082801D1FFE709E091
:1010200040F60041C2F20001002081F8360007209E
:101030000872FFE780BD000040F60040C2F20000E9
:10104000006870B1FFE740F60040C2F2000001689E
:1010500091ED0E0A90ED071A30EE410A80ED030A79
:10106000FFE740F60040C2F20000406870B1FFE7C1
:1010700040F60040C2F20000416891ED080A90ED90
:10108000081A30EE410A80ED040AFFE770470000BD
:1010900040F64040C2F200000078704780B540F64C
:1010A0004040C2F20000007848B1FFE740F64040FF
:1010B000C2F200000078022801D0FFE70BE040F602
:1010C0004041C2F2000100204860012008700F2159
:1010D00008F0EAFCFFE780BD80B540F64040C2F270
:1010E00000000021017041608160012008F0DCFCFB
:1010F00080BD000081B040F64040C2F200000078A0
:101100000146009104282ED80099DFE801F003047D
:1011100017182B002EE040F64042C2F20002506841
:10112000411C5160B0F5C87F07D9FFE740F6404148
:10113000C2F2000102200870FFE71BE01AE040F64F
:101140004042C2F200029068411C9160B0F5FA7F03
:1011500007D9FFE740F64041C2F2000100200870C5
:10116000FFE707E006E040F64041C2F2000104203C
:101170000870FFE701B0704780B540F64040C2F20A
:1011800000000078022808D0FFE740F64040C2F295
:101190000000007808B1FFE70BE040F64042C2F2E1
:1011A00000020021916003201070012008F07CFCF7
:1011B000FFE780BD80B582B001200021019108F0D9
:1011C00073FC019840F64041C2F20001486088601B
:1011D000087002B080BD0000FFE7FEE780B540F672
:1011E0005840C2F2000001F063FD80BD80B540F6BA
:1011F0005840C2F2000001F05BFD80BD80B540F6B2
:101200008040C2F2000001F053FD80BD80B540F681
:101210008040C2F2000001F04BFD80BD80B58CB073
:101220000A9000200390029001900A9800F0F4F8D0
:1012300020B1FFE700208DF82F005DE00A980178CB
:1012400001EB410100EBC10000690690002007900E
:101250000A98017801EB410100EBC100007B089086
:101260000898092803D3FFE708200890FFE700202B
:101270008DF82400069848B9FFE70A98017801EB39
:10128000410100EBC1008068049008E00A980178F1
:1012900001EB410100EBC10080680590FFE70A986F
:1012A000017801EB410100EBC10000F11401089A43
:1012B00002A80090FFF750F8009A0A98406804A925
:1012C00001AB01F06BFA20B1FFE700208DF82F0091
:1012D00012E00A99087801304AF6AB22CAF6AA222F
:1012E000A0FB0232D20802EB4202A0EB820008709F
:1012F00001208DF82F00FFE79DF82F000CB080BD76
:1013000070B58AB0119D109CDDF83CE0DDF838C066
:10131000129E09950894CDF81CE0CDF818C00593ED
:10132000049203910290029800F082F808B1FFE75E
:1013300047E00798092803D3FFE70820019003E05E
:101340009DF81C000190FFE7019802994A7802EB92
:10135000420201EBC2010873059802994A7802EB38
:10136000420201EBC2010861059818B9FFE7039832
:10137000009002E004980090FFE7009802994A78F4
:1013800002EB420201EBC20188600298417801EB56
:10139000410100EBC10202F114001299127BFEF729
:1013A000DBFF0299487801304AF6AB22CAF6AA223E
:1013B000A0FB0232D20802EB4202A0EB820048708E
:1013C000FFE70AB070BD000041F20050C2F2000019
:1013D0000078C00708B1FFE71DE040F28002C2F2CA
:1013E000000200205070107040F2A811C2F20001FB
:1013F0004870087040F65840C2F20000506040F655
:101400008040C2F20000486041F20051C2F2000187
:1014100001200870FFE7704781B0009000990878BC
:101420004978401AB0FA80F0400901B070470000D6
:1014300081B0009000980178407801304AF6AB22E4
:10144000CAF6AA22A0FB0232D20802EB4202A0EBAB
:101450008200401AB0FA80F0400901B070470000E5
:1014600083B002900191029800788DF803000198F2
:101470000078029908709DF803000199087003B084
:101480007047000084B08DED020ACDED010A8DEDAC
:10149000001A9DED020A9DED011AB4EE410AF1EE2B
:1014A00010FA03DAFFE7019803900FE09DED020ABE
:1014B0009DED001AB4EE410AF1EE10FA03DDFFE7EC
:1014C0000098039002E002980390FFE79DED030A65
:1014D00004B0704783B08DED010ACDED000A9DED9B
:1014E000010A9DED001AB4EE410AF1EE10FA03DD97
:1014F000FFE70098029015E09DED010A9DED001AAE
:10150000B1EE411AB4EE410AF1EE10FA07DAFFE744
:101510009DED000AB1EE400A8DED020A02E001984D
:101520000290FFE79DED020A03B0704780B584B0DA
:1015300041F20D50C2F20000007808B9FFE76BE0FD
:1015400000208DF80F0041F20D50C2F2000000782B
:1015500001460291052828D0FFE7029806282DD0E1
:10156000FFE70298082832D0FFE70298FF2837D11A
:10157000FFE7FFF74FFA01460020042901900ED142
:10158000FFE704F0D9FF01460020019039B9FFE7D9
:1015900005F04AF9B0FA80F040090190FFE70198A0
:1015A00000F001008DF80F0021E004F0C5FF0538C0
:1015B000B0FA80F040098DF80F0018E005F034F91A
:1015C0000238B0FA80F040098DF80F000FE005F006
:1015D0002BF90538B0FA80F040098DF80F0006E0CD
:1015E00041F20D51C2F200010020087014E09DF894
:1015F0000F0088B1FFE741F20D50C2F20000007801
:1016000000F040F938B1FFE741F20D51C2F200019C
:1016100000200870FFE7FFE704B080BD80B58CB004
:1016200000208DF82D0041F20150C2F20000007838
:1016300008B9FFE78DE072B602F0B4FC0A900A9890
:1016400041F21051C2F200010968401AC0087C281A
:1016500002D8FFE762B67CE041F20252C2F2000219
:1016600010788DF82F0041F20151C2F20001087884
:101670008DF82E0000201070087062B69DF82F00C3
:1016800005281ED1FFE79DF82E00012804D1FFE7B1
:1016900004208DF82D0013E09DF82E00022804D1BF
:1016A000FFE705208DF82D0009E09DF82E000328A6
:1016B00004D1FFE706208DF82D00FFE7FFE7FFE7E5
:1016C00023E09DF82F0006281ED1FFE79DF82E008D
:1016D000012804D1FFE707208DF82D0013E09DF8C5
:1016E0002E00022804D1FFE708208DF82D0009E024
:1016F0009DF82E00032804D1FFE709208DF82D0066
:10170000FFE7FFE7FFE7FFE7FFE79DF82D0090B158
:10171000FFE79DF82F006946086040F65840C2F286
:10172000000004A901AA03AB08F0B6F89DF82D004B
:1017300000F03CF80DE09DF82F006946086040F687
:101740005840C2F2000004A901AA03AB08F012F845
:10175000FFE70CB080BD000081B000208DF80300D1
:1017600072B641F20B50C2F20000007841F20C5107
:10177000C2F200010978884212D0FFE741F20B5112
:10178000C2F200010A7841F20350C2F20000805C0C
:101790008DF803000878013000F007000870FFE7BB
:1017A00062B69DF8030001B07047000081B08DF86B
:1017B000030072B641F20C50C2F200000078013012
:1017C00000F007008DF802009DF8020041F20B5175
:1017D000C2F200010978884210D0FFE79DF80300AB
:1017E00041F20C51C2F200010B7841F20352C2F2F5
:1017F0000002D0549DF802000870FFE762B601B005
:101800007047000080B582B08DF8070041F20150AA
:10181000C2F20000007870B9FFE79DF8070041F2BE
:101820000251C2F20001087041F20151C2F20001FE
:10183000012008701CE041F20250C2F20000007862
:101840009DF80710884211D1FFE741F20150C2F222
:1018500000000078032808D8FFE741F20151C2F2E6
:101860000001087801300870FFE700E008E0FFE7BA
:1018700002F098FB41F21051C2F200010860FFE74C
:1018800002B080BD80B58CB08DF82F009DF82F0080
:101890006946086040F65840C2F2000005A902AA55
:1018A00004AB07F0C7FF0CB080BD000081B08DED28
:1018B000000A9DED000A9FED031A80EE010A01B0B7
:1018C000704700BF0000B44310B584B00390039884
:1018D000B0F844000399B1F86010401A0399A1F8D8
:1018E00046000398B0F94600012805DBFFE703989E
:1018F000B0F94600029005E00398B0F94600404276
:101900000290FFE70298B0F5805F12DDFFE70398D1
:10191000B0F846300398B0F946104FF0FF30002978
:10192000C8BF012003998A8800FB1230A1F8460045
:10193000FFE70398B0F946200399886C1044886447
:10194000039890ED120AB8EEC00A9FED251A20EE1A
:10195000010A8DED010A0398818800EE101AB8EE95
:10196000400A8DED000A00F0E3FE9DED001AB0EE96
:10197000402A9DED010A21EE021A80EE010A039829
:1019800080ED0E0A03984078C00730B1FFE7039856
:10199000806C0399C1F88C00FFE7039890F86F0002
:1019A000C00740B1FFE7039800F0F4FB0399002063
:1019B00081F86F00FFE70399486B8A6BCB6BD1F816
:1019C00040C0D1F844E08C6C4C66C1F860E0C1F8CE
:1019D0005CC08B654A650865C86C886604B010BD3C
:1019E0000000B44380B58AB00990002000900890B0
:1019F0000790069005900490039002908DF80700E0
:101A000005900690082107918DF82000099800782C
:101A100004280CD8FFE74FF4007003900998017870
:101A20006FF0010000EB41008DF807000BE040F281
:101A3000FF100390099801786FF0090000EB410056
:101A40008DF80700FFE70998018B9DF8072040F209
:101A5000A060C2F2000081529DF807100844411CAA
:101A6000FFF7FEFC09980078042805D0FFE70998E5
:101A7000007808280BD1FFE700F0BAF840F2A06226
:101A8000C2F2000203A902AB00F088FEFFE70AB031
:101A900080BD000081B00090009808B9FFE709E020
:101AA0000099002048700099887000990883009977
:101AB0000884FFE701B0704780B584B00020039030
:101AC000FFE70398032800F29180FFE7039840F2B4
:101AD000D022C2F20002F42100FB01204078C007AE
:101AE000002869D0FFE7039840F2D022C2F200023A
:101AF0000092F421019100FB012000F0E3FB009A29
:101B00000199039800FB0120C07801460291042846
:101B100050D80299DFE801F003131E29340003981E
:101B200040F2D022C2F20002F42100FB0123002087
:101B30001883039800FB0120FFF754FF52E003983D
:101B400040F2D022C2F20002F42100FB012000F09A
:101B500047FB30E0039840F2D022C2F20002F421A9
:101B600000FB012000F0AAF925E0039840F2D02202
:101B7000C2F20002F42100FB012000F0D1FB1AE0C8
:101B8000039840F2D022C2F20002F42100FB0120AF
:101B9000B0F9180000EE100AB8EEC00A039800FB76
:101BA0000120B0F9140001EE100AF8EEC10AFFF7A7
:101BB00091FC00E0FFE70AE0039840F2D022C2F275
:101BC0000002F42100FB012100200883FFE70398B5
:101BD00040F2D022C2F20002F42100FB0120FFF704
:101BE00001FFFFE70398013003906AE704B080BD6E
:101BF00040F65840C2F2000070470000F0B5A1B0B6
:101C000040F2FF101F904FF07E511D910020C4F252
:101C100010201E9041F6FF70ADF8700041F2941252
:101C2000ADF880204FF400721A9218914AF22C01FC
:101C3000C4F299111991ADF85C004FF48040ADF8F1
:101C40006C0001218DF84310002006908DF858009B
:101C50000022C4F2873211920022CCF28732129213
:101C60008DF841008DF842104FF4D77214928DF820
:101C700040004FF4C872ADF84C2040F6B832ADF8D1
:101C800056204FF6FF72ADF854208DF83F108DF8B6
:101C90003D008DF83E008DF83C000D90ADF8380009
:101CA000ADF83A000B90ADF83000ADF832000A9074
:101CB000FFE70A98032862D8FFE70A9840F2D0238A
:101CC000C2F200030393F422049200FB02310020CD
:101CD000059048700A9901FB023188700A9901FB4E
:101CE000023C0F99CCF86C100A9901FB023C109948
:101CF000DDF844E0129C139D149E159FCCF884706F
:101D0000CCF88060CCF87C50CCF87840CCF874E00B
:101D1000CCF870101699CCF888100A9901FB023C97
:101D20000D99DDF838E0CCF890E0CCF88C100A99E9
:101D300001FB023C0B99DDF830E0CCF898E0CCF8E0
:101D400094100A9901FB023108830A9901FB0231C0
:101D5000C8610A9901FB023108840A9901FB02312A
:101D6000C8620A9901FB023188640A9901FB0231B9
:101D7000A1F86000FFE70A9801300A9099E7002077
:101D80000990FFE70998002820D2FFE7099A501C24
:101D9000F42102FB01F340F2D022C2F20002D0543F
:101DA000099800FB01211C981D9A1E9BDDF87CC040
:101DB000DDF880E0C1F814E0C1F810C0CB608A60A3
:101DC0004860FFE7099801300990DBE700200890A0
:101DD000FFE70898032820D8FFE7089A501CF42151
:101DE00002FB01F340F2D022C2F20002D054089864
:101DF00000FB01211798189A199BDDF868C0DDF8DF
:101E00006CE0C1F814E0C1F810C0CB608A60486093
:101E1000FFE7089801300890DBE700200790FFE714
:101E20000798032828D8FFE7079840F2D022C2F28B
:101E300000020192F421029100FB01209C309FEDF1
:101E40000F0ADFED0F0A9FED0F1A002104F0B6FA1A
:101E5000019A0299079800FB0120C830B1EE0C0AE4
:101E6000DFED090A9FED091A012104F0A7FAFFE747
:101E7000079801300790D3E721B0F0BDCDCCCC3E20
:101E8000B81E053E295C0F3DCDCC4C3E0000000045
:101E900082B00090009820B9FFE700208DF807007D
:101EA00007E0009890F86C0000F001008DF8070042
:101EB000FFE79DF8070002B07047000080B586B0CC
:101EC0000590059890F87100C00770B1FFE705987C
:101ED00090ED070A059890ED1D1AD0ED1E0AFFF748
:101EE000D1FA059880ED070AFFE7059890ED070AFB
:101EF0008DED040A059800F01BFCB0EE401A9DED34
:101F0000040A20EE010A0598818801EE101AB8EE45
:101F1000411A20EE010A9FED411A80EE010ABDEE42
:101F2000C00A80ED0B0A059890ED0B0AB8EEC00AC6
:101F3000059880ED2A0A059890ED120AB8EEC00ABD
:101F4000059880ED2B0A05989C3004F0ABF90598B4
:101F500080ED350A059890F87200C007E0B1FFE700
:101F6000059890ED350A8DED030A059890ED200A4D
:101F7000B8EEC00A8DED020A00F0DAFB9DED021A00
:101F8000B0EE402A9DED030A61EE020AFFF7A2FAC5
:101F9000059880ED350AFFE70598B0F93C0000EEA2
:101FA000100AB8EEC00A8DED010A059800F0C0FBDA
:101FB000B0EE401A9DED010A20EE010A059880ED71
:101FC000360A0598C83004F06DF9B0EE401A05994C
:101FD000B1F9180000EE100AB8EEC00A30EE010A9E
:101FE000BDEEC00A10EE100A08830598B0F918007B
:101FF00000EE100AB8EEC00A0598B0F9140001EE20
:10200000100AF8EEC10AFFF765FABDEEC00A10EE3D
:10201000100A0599088306B080BD00BF0000B443D4
:10202000B0B58CB0129CDDF844E0DDF840C0139DE3
:102030000B94CDF828E0CDF824C0089307920691C0
:102040000590079868B9FFE7089850B9FFE7059829
:10205000B0F5007F05D9FFE70598B0F5027F01D9FB
:10206000FFE777E00598A0F500708DF813009DF864
:102070001300052801D3FFE76CE09DF8130040F240
:10208000D022C2F20002F42110FB0120F4380390A8
:1020900013980178407840EA01200399A1F84400A0
:1020A00013988178C07840EA0120ADF80A001398AF
:1020B0000179407940EA01200399888603980078E5
:1020C00006F0D2F8A0B1FFE713988079039981F860
:1020D0004C000398B0F9340000EE100AB8EEC00AC4
:1020E0009FED1E1A20EE010A039880ED100A12E0FF
:1020F0000398B0F9340000EE100AB8EEC00A9FED64
:10210000161A80EE010AB2EE041A20EE010A0398B4
:1021100080ED100AFFE7BDF90A0000EE100AB8EEE4
:10212000C00A8DED010A039800F002FBB0EE401AE0
:102130009DED010A80EE010ABDEEC00A10EE100A04
:102140000399888703990020C1F894000398FFF74A
:10215000BBFBFFE70CB0B0BD00401C46E5FF9F3A5B
:1021600082B001908DED000A019808B9FFE70FE0F9
:1021700001984078C00720B9FFE701990120487015
:10218000FFE701990220887000980199C861FFE774
:1021900002B0704781B000900099002081F86F0074
:1021A00000998863009988640099C1F88C0001B097
:1021B0007047000081B00090009808B9FFE70CE07C
:1021C00000984078C00720B9FFE7009901204870C7
:1021D000FFE7009903208870FFE701B07047000017
:1021E00080B584B00390039890F87000C00798B150
:1021F000FFE7039890ED350A0398B0F97C0001EEF3
:10220000100AF8EEC10AFFF765F9BDEEC00A10EE3C
:10221000100A03990884FFE70398B0F9200000EE44
:10222000100AB8EEC00A8DED010A039800F080FA9A
:10223000B0EE401A9DED010A20EE010A039880EDF0
:10224000350A0398B0F93C0000EE100AB8EEC00A57
:102250008DED020A039800F06BFAB0EE401A9DED86
:10226000020A20EE010A039880ED360A0398C8306E
:1022700004F018F8B0EE401A0399B1F9180000EE16
:10228000100AB8EEC00A30EE010ABDEEC00A10EE28
:10229000100A08830398B0F9180000EE100AB8EE8F
:1022A000C00A0398B0F9140001EE100AF8EEC10A52
:1022B000FFF710F9BDEEC00A10EE100A039908836B
:1022C00004B080BD80B582B00190019880780199FA
:1022D000C978884221D0FFE7019880780199C870B9
:1022E0000199002000900883019908840198806B6F
:1022F0000199C86101989C3004F082F80198C830B7
:1023000004F07EF80098019981F86C00019981F839
:102310006D00019981F86E00FFE702B080BD0000FA
:1023200080B584B003900398B0F9841000EE101AC1
:10233000B8EEC00A8DED010A00F0FAF9B0EE401ACD
:102340009DED010A20EE010A039880ED350A0398FD
:10235000B0F93C0000EE100AB8EEC00A8DED020A9A
:10236000039800F0E5F9B0EE401A9DED020A20EE68
:10237000010A039880ED360A0398C83003F092FFF3
:10238000B0EE401A0399B1F9180000EE100AB8EE49
:10239000C00A30EE010ABDEEC00A10EE100A088332
:1023A0000398B0F9180000EE100AB8EEC00A0398BE
:1023B000B0F9860001EE100AF8EEC10AFFF78AF8BC
:1023C000BDEEC00A10EE100A039908830398B0F915
:1023D0004600012805DBFFE70398B0F946000090AE
:1023E00005E00398B0F9460040420090FFE70098EE
:1023F0000E2820DCFFE7039AB2F89000411CA2F8F7
:1024000090100B2816D3FFE703990020A1F8900045
:10241000039A012182F86C100399487003989C304C
:1024200003F0EEFF0398C83003F0EAFF0398FFF7CC
:10243000B1FEFFE7FFE704B080BD000080B540F6C5
:102440006850C2F2000001F0A5F980BD80B540F6E9
:10245000C850C2F2000001F09DF980BD80B540F681
:10246000A840C2F2000001F095F980BD80B540F6A9
:102470000850C2F2000001F08DF980BD84B00390D5
:1024800002910192009303980168086820F480206B
:10249000086000980399096848600398806840289C
:1024A00009D1FFE7019803990968886002980399A8
:1024B0000968C86008E00298039909688860019873
:1024C00003990968C860FFE704B0704780B582B01F
:1024D0008DF8060040F2B460C2F2000090F80601E8
:1024E000012871D1FFE79DF8061040F2B460C2F2F6
:1024F000000080F8011190F801015A2856D1FFE739
:1025000000208DF805000090FFE7009840F2B461CC
:10251000C2F2000191F802110139884210DAFFE796
:10252000009940F2B460C2F20000415C9DF80500E1
:1025300008448DF80500FFE7009801300090E4E7BB
:1025400040F2B461C2F20001002081F8060191F866
:102550000201084410F8010C9DF80510884224D1AE
:10256000FFE740F2B460C2F2000090F802012328B5
:1025700013D1FFE740F2BC70C2F2000000F05AF83D
:1025800050B9FFE740F2B461C2F20001002081F8C7
:1025900002018DF8070046E0FFE740F2B461C2F2A5
:1025A0000001002081F80201FFE70CE09DF8060021
:1025B00040F2B461C2F2000191F80221531C81F88B
:1025C00002318854FFE715E09DF8061040F2B46030
:1025D000C2F2000080F8001190F80001A52808D18F
:1025E000FFE740F2B461C2F20001012081F8060168
:1025F000FFE7FFE740F2B460C2F2000090F802018A
:1026000080280CDBFFE740F2B461C2F20001002039
:1026100081F8060181F802018DF8070003E001202E
:102620008DF80700FFE79DF8070002B080BD0000AD
:102630007047000086B0049000208DF80F008DF8E0
:102640000E000290FFE7029811281CDCFFE70298B9
:10265000C11700EB5170C11040F2B460C2F200002B
:10266000405C9DF80E104A1C8DF80E2001F0070109
:10267000C84000F001000499029A8854FFE70298CC
:1026800001300290DFE703208DF80F0000208DF865
:102690000700FFE79DF80700022816DCFFE79DF81A
:1026A0000F10481C8DF80F0040F2B460C2F2000019
:1026B000405C04999DF8072011448874FFE79DF859
:1026C000070001308DF80700E4E700200090FFE7E5
:1026D0000098062816DCFFE70498009900EB8101BA
:1026E0009DF80F2040F2B460C2F20000805888616B
:1026F0009DF80F0004308DF80F00FFE700980130BF
:102700000090E5E79DF80F00222804D0FFE70020A5
:102710008DF8170003E001208DF81700FFE79DF802
:10272000170006B07047000072B6FFE7FEE7000032
:1027300081B00090009890ED020A90ED031A20EE0F
:10274000010A01B07047000084B002900191029824
:1027500090F820008DF803009DF80300012805D0B3
:10276000FFE79DF8030002280AD1FFE7019A0298CB
:10277000016848691043486100208DF80F0008E0A7
:102780000299486A40F48020486201208DF80F00C9
:10279000FFE79DF80F0004B07047000088B0069076
:1027A000059104920393069890F820008DF8070095
:1027B00006980068806800900598806808B9FFE76F
:1027C00000E0FFE79DF80700012806D0FFE79DF82D
:1027D0000700022840F08080FFE79DF803004007D3
:1027E00000280CD4FFE79DF803000007002806D45A
:1027F000FFE79DF80300C006002864D5FFE70098B6
:10280000C0F301600290029901208840039908609A
:102810000598806868B9FFE705980168C06840EAD4
:10282000415006990968029A01EB0211C1F8800132
:102830000EE005994A688868C96840EAC200084302
:1028400006990968029A01EB0211C1F88001FFE7BD
:102850000598006906990968029A01EB0211C1F80E
:1028600084010598007D01280CD1FFE706980068D7
:10287000029900EB0111D1F8840140F48070C1F895
:102880008401FFE70498406806990968029A01EB01
:102890000211C1F88C010498006806990968029A2F
:1028A00001EB0211C1F8880106980068029900EB5B
:1028B0000111D1F8800140F00100C1F88001002031
:1028C0008DF81F0011E00699486A40F40010486234
:1028D00001208DF81F0008E00699486A40F4802026
:1028E000486201208DF81F00FFE79DF81F0008B027
:1028F0007047000086B004900391049890F820007F
:102900008DF803009DF80300012806D0FFE79DF82D
:102910000300022840F0B080FFE746F20040C4F216
:10292000000001900199D1F8000240F00100C1F8C7
:1029300000020199D1F8000220F47C50C1F8000295
:102940000398426A0199D1F8000240EA0220C1F8D6
:1029500000020398406900F01F01012088400290A6
:10296000029A0199D1F81C029043C1F81C02039805
:10297000C069F0B9FFE7029A0199D1F80C029043BF
:10298000C1F80C02039A9088D168526940EA01406C
:10299000019901EBC201C1F84002039A10889168C5
:1029A000526940EA0140019901EBC201C1F84402B9
:1029B000FFE70398C06901281ED1FFE7029A019939
:1029C000D1F80C021043C1F80C02039A90881168E8
:1029D000526940EA0140019901EBC201C1F840028D
:1029E000039A90899168526940EA0140019901EB8C
:1029F000C201C1F84402FFE70398806940B9FFE7CC
:102A0000029A0199D1F804029043C1F8040207E048
:102A1000029A0199D1F804021043C1F80402FFE7B9
:102A20000398006940B9FFE7029A0199D1F81402AE
:102A30009043C1F8140207E0029A0199D1F81402F8
:102A40001043C1F81402FFE70398006A012808D177
:102A5000FFE7029A0199D1F81C021043C1F81C0249
:102A6000FFE70199D1F8000220F00100C1F800024F
:102A700000208DF8170008E00499486A40F480208F
:102A8000486201208DF81700FFE79DF8170006B097
:102A90007047000081B0009001B0704786B004908C
:102AA000039102920193049890F820008DF803009E
:102AB0009DF80300012806D0FFE79DF803000228D7
:102AC00040F0E880FFE7039880B9FFE704980068CA
:102AD000C068800748B9FFE70499486A40F40010CD
:102AE000486201208DF81700DDE00FE004980068CF
:102AF0000069800748B9FFE70499486A40F400106C
:102B0000486201208DF81700CDE0FFE704980068C7
:102B1000039900EB0110D0F8B00100F00400029915
:102B200088600298806858B9FFE7049800680399A4
:102B300000EB0110D0F8B001400D029908600AE0E6
:102B400004980068039900EB0110D0F8B001C008A8
:102B500002994860FFE704980068039900EB0110B0
:102B6000D0F8B00100F002000299C8600498006833
:102B7000039900EB0110D0F8B40100F00F00082811
:102B800004D3FFE70299082008610BE0049800686D
:102B9000039900EB0110D0F8B40100F00F00029986
:102BA0000861FFE704980068039900EB0110D0F872
:102BB000B40180B2000A0299886104980068039900
:102BC00000EB0110D0F8B401000C029948610498A0
:102BD0000068039900EB0110D0F8B8010199087062
:102BE00004980068039900EB0110D0F8B801000ABE
:102BF0000199487004980068039900EB0110D0F81F
:102C0000B801000C0199887004980068039900EBE2
:102C10000110D0F8B801000E0199C870049800683E
:102C2000039900EB0110D0F8BC01019908710498D8
:102C30000068039900EB0110D0F8BC01000A01996B
:102C4000487104980068039900EB0110D0F8BC01AA
:102C5000000C0199887104980068039900EB011039
:102C6000D0F8BC01000E0199C871039838B9FFE78C
:102C700004980168C86840F02000C86006E0049825
:102C80000168086940F020000861FFE700208DF826
:102C9000170008E00499486A40F480204862012047
:102CA0008DF81700FFE79DF8170006B07047000089
:102CB00080B58AB0099000200890099800684069A2
:102CC0000790099800684068069009980068806835
:102CD000059009980068C068049009980068006928
:102CE000039009980068806902909DF81C00C00755
:102CF000002800F09480FFE79DF81400C00758B347
:102D0000FFE709980168012088609DF8140080079A
:102D1000002804D5FFE7099800F08CFC1BE09DF823
:102D200014004007002805D5FFE7089840F400602C
:102D300008900FE09DF814000007002805D5FFE774
:102D4000089840F48050089003E0099800F06EFC69
:102D5000FFE7FFE7FFE7FFE79DF81500C00760B357
:102D6000FFE7099801684FF4807088609DF81500AE
:102D70008007002804D5FFE7099800F063FC1BE0FA
:102D80009DF815004007002805D5FFE7089840F496
:102D9000005008900FE09DF815000007002805D5A9
:102DA000FFE7089840F48040089003E0099800F09D
:102DB00045FCFFE7FFE7FFE7FFE79DF81600C007C8
:102DC00060B3FFE7099801684FF4803088609DF890
:102DD00016008007002804D5FFE7099800F03AFCA8
:102DE0001BE09DF816004007002805D5FFE708986E
:102DF00040F4004008900FE09DF8160000070028FE
:102E000005D5FFE7089840F48030089003E0099862
:102E100000F01CFCFFE7FFE7FFE7FFE7FFE79DF897
:102E20001C000007002810D5FFE79DF81000C00621
:102E3000002809D5FFE7089840F400700890099829
:102E400001681020C860FFE7FFE79DF81C004007FD
:102E500000280FD5FFE79DF810000007002808D5CF
:102E6000FFE7099801680820C860099800F0E2FAB5
:102E7000FFE7FFE79DF81C00800700280BD5FFE760
:102E800009980068C068800720B1FFE7099800F042
:102E9000D5FAFFE7FFE79DF81C004006002810D593
:102EA000FFE79DF80C00C006002809D5FFE7089849
:102EB00040F4806008900998016810200861FFE7DD
:102EC000FFE79DF81C00800600280FD5FFE79DF85E
:102ED0000C000007002808D5FFE7099801680820C2
:102EE0000861099800F0EAFAFFE7FFE79DF81C0087
:102EF000C00600280BD5FFE7099800680069800725
:102F000020B1FFE7099800F0DDFAFFE7FFE79DF841
:102F10001E00800700280FD5FFE79DF81800C006A7
:102F2000002808D5FFE70998016810204860099833
:102F300000F032FBFFE7FFE79DF81E00C00778B105
:102F4000FFE79DF818000007002808D5FFE709985B
:102F5000016808204860099800F080FBFFE7FFE760
:102F60009DF81D000006002840F18D80FFE79DF8C8
:102F700018004007002840F18180FFE79DF81D0000
:102F8000C00750B1FFE79DF80800C00728B1FFE770
:102F9000089840F001000890FFE79DF81D008007A9
:102FA00000280BD5FFE79DF808008007002805D50D
:102FB000FFE7089840F002000890FFE79DF81D0029
:102FC000400700280BD5FFE79DF8080040070028C0
:102FD00005D5FFE7089840F004000890FFE79DF84A
:102FE0001D000007002848D5FFE79DF8080010F0F5
:102FF000700F42D0FFE7029800F070000146019187
:10300000102814D0FFE70198202815D0FFE7019879
:10301000302816D0FFE70198402817D0FFE7019825
:10302000502818D0FFE70198602819D01DE00898B3
:1030300040F00800089019E0089840F0100008904F
:1030400014E0089840F0200008900FE0089840F045
:10305000400008900AE0089840F08000089005E0E1
:10306000089840F48070089000E0FFE70998016834
:10307000886920F070008861FFE7FFE70998016820
:1030800004204860FFE7089848B1FFE7089A0999CB
:10309000486A104348620998FFF7FCFCFFE70AB052
:1030A00080BD000080B584B00290029820B9FFE78F
:1030B00001208DF80F00E0E0029890F8200020B980
:1030C000FFE7029800F0DEF8FFE702980168086861
:1030D00040F00100086000F065FF0190FFE70298F2
:1030E00000684068C007A8B9FFE700F05BFF0199DE
:1030F000401A0B280DD3FFE70299486A40F40030CC
:1031000048620299052081F8200001208DF80F0007
:10311000B3E0E4E702980168086820F00200086064
:1031200000F040FF0190FFE70298006840688007C8
:10313000002815D5FFE700F035FF0199401A0B284C
:103140000DD3FFE70299486A40F4003048620299C3
:10315000052081F8200001208DF80F008DE0E3E7C5
:103160000298007E012807D1FFE7029801680868ED
:1031700040F08000086006E002980168086820F0CE
:1031800080000860FFE70298407E012807D1FFE732
:1031900002980168086840F04000086006E0029864
:1031A0000168086820F040000860FFE70298807E10
:1031B000012807D1FFE702980168086840F0200065
:1031C000086006E002980168086820F020000860A6
:1031D000FFE70298C07E012807D1FFE70298016847
:1031E000086820F01000086006E00298016808688E
:1031F00040F010000860FFE70298007F012807D127
:10320000FFE702980168086840F00800086006E0DF
:1032100002980168086820F008000860FFE702983B
:10322000407F012807D1FFE702980168086840F055
:103230000400086006E002980168086820F00400B5
:103240000860FFE7029B19685A689868D3F80CC0B9
:1032500040EA0C00D3F810C040EA0C005B69184348
:10326000013A1043C861029900204862029A012184
:1032700082F820108DF80F00FFE79DF80F0004B0D2
:1032800080BD000080B594B0139000201290119082
:1032900010900F900E901398006846F20041C4F20F
:1032A0000001884254D1FFE740F2A860C2F200005A
:1032B0000168013101600068012812D1FFE7FFE7D2
:1032C00000200D9043F64000C4F20200016841F076
:1032D00000710160006800F000700D900D98FFE72C
:1032E000FFE7FFE700200C9043F63000C4F2020035
:1032F000016841F001010160006800F001000C90DC
:103300000C98FFE74FF4C0500E9002200F90002061
:103310000790109003201190092012900020C4F211
:1033200002000EA900F04AFC079A1420059005211E
:10333000069100F00BFF059800F0FEFE0699079A33
:103340001520089000F002FF089800F0F5FE6EE0EE
:103350001398006846F60001C4F20001884265D166
:10336000FFE7FFE700200B9043F64000C4F20200A5
:10337000016841F080610160006800F080600B909E
:103380000B98FFE740F2A860C2F20000016801312B
:1033900001600068012812D1FFE7FFE700200A90D2
:1033A00043F64000C4F20200016841F00071016080
:1033B000006800F000700A900A98FFE7FFE7FFE757
:1033C0000020099043F63000C4F20200016841F089
:1033D00002010160006800F0020009900998FFE70F
:1033E00060200E9002200F90002003901090032088
:1033F00011900920129040F20040C4F202000EA980
:1034000000F0DCFB039A402001900521029100F0BE
:103410009DFE019800F090FE0299039A41200490CD
:1034200000F094FE049800F087FEFFE7FFE714B079
:1034300080BD000081B0009001B0704770B58EB0C3
:103440000D900D98006846F20041C4F200018842D8
:103450001ED1FFE70D98002106AA04ABFFF71EFB63
:10346000A8B9FFE706980799089A099BDDF828C0D4
:103470000B9C0C9DEE4604AECEF80C60CEF80850C6
:10348000CEF80440CEF800C0FEF7CAFDFFE713E017
:103490000D98006846F60001C4F2000188420AD186
:1034A000FFE70D98002106AA04ABFFF7F7FA08B969
:1034B000FFE7FFE7FFE7FFE70EB070BD81B00090C8
:1034C00001B07047F0B58FB00E900E98006846F2CC
:1034D0000041C4F20001884230D1FFE70E9801217B
:1034E00007AA05ABFFF7DAFA38BBFFE7099804280B
:1034F00022D1FFE7089940F20510C0F20100B0EBBD
:10350000112F18D1FFE70E980799089A099BDDF84B
:1035100028C00B9C0C9D0D9EEE4605AFCEF810709A
:10352000CEF80C60CEF80850CEF80440CEF800C0BB
:1035300002F014FDFFE7FFE7FFE72AE00E980068BE
:1035400046F60001C4F20001884221D1FFE70E983F
:10355000012107AA05ABFFF7A1FAC0B9FFE7079859
:103560000899099A0A9BDDF82CC00C9C0D9DEE462B
:103570000126CEF8106005AECEF80C60CEF80850EB
:10358000CEF80440CEF800C004F08EF9FFE7FFE764
:10359000FFE70FB0F0BD000081B0009001B07047B0
:1035A00080B584B00290029890F8200001282FD1B5
:1035B000FFE70299022081F820000298016808685C
:1035C00020F00100086000F0EDFC0190FFE7029898
:1035D00000684068C007A8B1FFE700F0E3FC01996C
:1035E000401A0B280DD3FFE70299486A40F40030D7
:1035F00048620299052081F8200001208DF80F0013
:103600000FE0E4E70299002048628DF80F0008E01F
:103610000299486A40F40020486201208DF80F00AA
:10362000FFE79DF80F0004B080BD000081B000905E
:1036300001B0704781B0009001B0704781B0009038
:1036400001B0704781B0009001B0704781B0009028
:1036500001B0704781B0009001B0704781B0009018
:1036600001B0704780B584B002900298806D0190DF
:1036700000F098FC0090029890F8350002280DD0D8
:10368000FFE7029980204865FFE70299002081F852
:103690003400FFE701208DF80F0055E00298016823
:1036A000086820F01600086002980168486920F058
:1036B000800048610298006C20B9FFE70298806C96
:1036C00038B1FFE702980168086820F00800086038
:1036D000FFE702980168086820F001000860FFE732
:1036E000029800680068C007C8B1FFE700F05AFC04
:1036F0000099401A062811D3FFE702992020486557
:103700000299032081F83500FFE70299002081F833
:103710003400FFE703208DF80F0015E0E0E7029882
:10372000C16D3F208840019988600299012081F88D
:103730003500FFE70299002081F83400FFE7FFE73A
:1037400000208DF80F00FFE79DF80F0004B080BD4A
:1037500082B00090009890F83500022807D0FFE76B
:1037600000998020486501208DF807000EE000993F
:10377000052081F8350000980168086820F00100F4
:103780000860FFE700208DF80700FFE79DF80700BD
:1037900002B0704780B586B005900020039040F2DB
:1037A0000000C2F20000006848F2B511C1F64E31C7
:1037B000A0FB0110800A02900598806D019001988D
:1037C0000068049004980599C96DC8400007002856
:1037D0001AD5FFE70598006800684007002812D551
:1037E000FFE705980168086820F004000860059864
:1037F000C16D08208840019988600599486D40F0A6
:1038000001004865FFE7FFE704980599C96DC840C6
:10381000C007A0B1FFE705980068406900060028CE
:103820000CD5FFE70598C16D01208840019988609B
:103830000599486D40F002004865FFE7FFE70498EE
:103840000599C96DC8404007002814D5FFE70598C1
:1038500000680068800700280CD5FFE70598C16D57
:1038600004208840019988600599486D40F0040063
:103870004865FFE7FFE704980599C96DC840C00691
:10388000002847D5FFE70598006800680007002872
:103890003FD5FFE70598C16D1020884001998860E9
:1038A000059800680068400300281AD5FFE70598CE
:1038B000006800680003002809D4FFE70598006C41
:1038C00020B1FFE70598016C8847FFE708E00598FD
:1038D000806C20B1FFE70598816C8847FFE7FFE720
:1038E00016E0059800680068C005002807D4FFE7C7
:1038F00005980168086820F008000860FFE705984F
:10390000006C20B1FFE70598016C8847FFE7FFE7EF
:10391000FFE7FFE704980599C96DC84080060028B5
:1039200040F18D80FFE7059800680068C006002818
:1039300040F18480FFE70598C16D202088400199FF
:103940008860059890F83500052834D1FFE7059880
:103950000168086820F01600086005980168486949
:1039600020F0800048610598006C20B9FFE70598B9
:10397000806C38B1FFE705980168086820F00800FE
:103980000860FFE70598C16D3F2088400199886075
:103990000599012081F83500FFE70599002081F89D
:1039A0003400FFE70598006D20B1FFE70598016D31
:1039B0008847FFE77BE0059800680068400300281F
:1039C0001AD5FFE70598006800680003002809D4AD
:1039D000FFE70598406C20B1FFE70598416C8847E8
:1039E000FFE708E00598C06B20B1FFE70598C16BC1
:1039F0008847FFE7FFE720E0059800680068C005FA
:103A0000002811D4FFE705980168086820F010002D
:103A100008600599012081F83500FFE7059900202D
:103A200081F83400FFE7FFE70598C06B20B1FFE79E
:103A30000598C16B8847FFE7FFE7FFE7FFE70598B9
:103A4000406DA0B3FFE70598406DC00730B3FFE7B6
:103A50000599052081F8350005980168086820F06F
:103A600001000860FFE70398013003900299884243
:103A700001D9FFE707E0FFE7059800680068C00785
:103A80000028F0D1FFE70599012081F83500FFE714
:103A90000599002081F83400FFE7FFE70598C06C26
:103AA00020B1FFE70598C16C8847FFE7FFE706B044
:103AB00080BD000080B588B0069005910492039304
:103AC00000208DF80B000698806D0190FFE70698A6
:103AD00090F83400012804D1FFE702208DF81F0080
:103AE00045E00699012081F83400FFE7FFE70698DA
:103AF00090F8350001282BD1FFE70699022081F8C4
:103B0000350006990020486506980599049A039B9C
:103B1000FEF7B4FC0698C16D3F208840019988608B
:103B200006980168086840F0160008600698006C66
:103B300038B1FFE706980168086840F0080008609F
:103B4000FFE706980168086840F00100086009E096
:103B5000FFE70699002081F83400FFE702208DF886
:103B60000B00FFE79DF80B008DF81F00FFE79DF8A5
:103B70001F0008B080BD000080B584B0039000F045
:103B800011FA0290039801900198013048B1FFE7C3
:103B900040F20400C2F2000001780198084401904C
:103BA000FFE7FFE700F0FEF90299401A0199884209
:103BB00001D2FFE7F6E704B080BD00008EB00D90A3
:103BC0000C9100200A90099008900B90FFE70B9849
:103BD0000F2800F2CC81FFE70B99012088400A9062
:103BE0000C9800680A990840099009980A99884237
:103BF00040F0B881FFE70C98406800F0030001280E
:103C000007D0FFE70C98406800F0030002282FD18E
:103C1000FFE70D98806808900B984100032000FA98
:103C200001F10898884308900C98C0680B994900E6
:103C300000FA01F108980843089008980D998860E7
:103C40000D98406808900B99012000FA01F108983E
:103C5000884308900C984068C0F300100B9900FA54
:103C600001F108980843089008980D994860FFE70B
:103C70000C98406800F00300032818D0FFE70D9867
:103C8000C06808900B984100032000FA01F10898E1
:103C9000884308900C9880680B99490000FA01F15C
:103CA00008980843089008980D99C860FFE70C9899
:103CB000406800F00300022826D1FFE70D980B9919
:103CC0006FF0030202EA51010844006A08900B9861
:103CD00000F0070081000F2000FA01F108988843E6
:103CE00008900C9800690B9901F00701890000FA0F
:103CF00001F108980843089008980D990B9B02EA77
:103D0000530211440862FFE70D98006808900B9871
:103D10004100032000FA01F10898884308900C98AC
:103D2000406800F003000B99490000FA01F108987F
:103D30000843089008980D9908600C9880798007CE
:103D4000002800F00E81FFE7FFE70020079043F610
:103D50004400C4F20200016841F48041016000683F
:103D600000F4804007900798FFE70B9820F00300CD
:103D700043F60801C4F20101405808900B9800F086
:103D8000030081000F2000FA01F108988843089091
:103D90000D980021C4F20201884203D1FFE7002000
:103DA00006905EE00D9840F20041C4F202018842A4
:103DB00003D1FFE70120059050E00D9840F6000187
:103DC000C4F20201884203D1FFE70220049042E0DE
:103DD0000D9840F60041C4F20201884203D1FFE78A
:103DE0000320039034E00D9841F20001C4F2020177
:103DF000884203D1FFE70420029026E00D9841F2AB
:103E00000041C4F20201884203D1FFE7052001907E
:103E100018E00D9841F60001C4F20201884203D176
:103E2000FFE7062000900AE00D9941F60042C4F237
:103E300002020820914208BF07200090FFE7009887
:103E40000190FFE701980290FFE702980390FFE7D7
:103E500003980490FFE704980590FFE70598069003
:103E6000FFE70698C0B20B9901F00301890000FA40
:103E700001F108980843089008980B9921F0030174
:103E800043F60802C4F20102885043F60840C4F227
:103E900001000068089009990898884308900C98D8
:103EA0008079C006002805D5FFE7099908980843DE
:103EB0000890FFE7089843F60841C4F20101086042
:103EC00043F60C40C4F20100006808900999089874
:103ED000884308900C9880798006002805D5FFE774
:103EE0000999089808430890FFE7089843F60C41A1
:103EF000C4F20101086043F60440C4F20100006806
:103F0000089009990898884308900C988079800750
:103F1000002805D5FFE70999089808430890FFE7AE
:103F2000089843F60441C4F20101086043F60040DA
:103F3000C4F2010000680890099908988843089025
:103F40000C988079C00728B1FFE7099908980843C1
:103F50000890FFE7089843F60041C4F201010860A9
:103F6000FFE7FFE7FFE70B9801300B902FE60EB05D
:103F70007047000082B00190ADF802108DF801206A
:103F80009DF8010028B1FFE7BDF8020001998861A2
:103F900005E0BDF80200000401998861FFE702B066
:103FA0007047000045F24410C2F2000000687047FC
:103FB00040F20400C2F20000027845F24411C2F25D
:103FC00000010868104408607047000080B543F69F
:103FD0000041C4F20201086840F4007008600868FB
:103FE00040F480600860086840F480700860032036
:103FF00000F0C6F80F2000F005F800F071F800207E
:1040000080BD000080B58CB00B900020059004901E
:10401000FFE70020019043F64400C4F2020001686B
:1040200041F001010160006800F001000190019879
:10403000FFE706A803A900F0DDF900F00BFA400045
:10404000059005984DF68361C4F21B31A0FB010178
:104050004FF0FF3000EB9140049040F62860C2F230
:1040600000000021C4F20101016040F2E731C160AB
:1040700004994160002101618160816100F06AFE64
:104080008DF80B009DF80B0028BBFFE740F6286079
:10409000C2F2000000F0F8FE8DF80B009DF80B0056
:1040A000C0B9FFE7192000F047F80B980F280CD88B
:1040B000FFE70B991920002200F048F80B9840F216
:1040C0000801C2F20001086003E001208DF80B0036
:1040D000FFE7FFE7FFE79DF80B000CB080BD000095
:1040E00080B582B0FFE70020019043F64400C4F29F
:1040F0000200016841F480410160006800F48040E2
:1041000001900198FFE7FFE70020009043F6400090
:10411000C4F20200016841F080510160006800F0C3
:10412000805000900098FFE76FF001000F210022FF
:1041300000F00CF802B080BD80B582B08DF80700A9
:104140009DF9070004F00EF802B080BD80B586B07E
:104150008DF81700049103920020029004F01AF8E1
:1041600002909DF91700019002980499039A02F0B9
:1041700063F80146019804F015F806B080BD000010
:1041800080B582B00190019804F050F802B080BD73
:1041900080B584B002900191029820B9FFE7012018
:1041A0008DF80F0021E1019843F60041C4F20201AD
:1041B000096801F00701884212D9FFE7019943F627
:1041C0000040C4F202000170006800F0070001998D
:1041D000884204D0FFE701208DF80F0005E1FFE7DA
:1041E00002980078800700282AD5FFE70298007817
:1041F0004007002809D5FFE743F60801C4F2020191
:10420000086840F4E0500860FFE702980078000773
:10421000002809D5FFE743F60801C4F20201086847
:1042200040F460400860FFE743F60801C4F2020171
:10423000086820F0F000029A926810430860FFE7D7
:1042400002980078C00700286ED0FFE70298406807
:10425000012811D1FFE743F60000C4F20200006814
:1042600000F400310020B0EB514F04D1FFE70120F2
:104270008DF80F00B9E02CE002984068022805D0C4
:10428000FFE702984068032811D1FFE743F60000DA
:10429000C4F20200006800F000710020B0EB516F22
:1042A00004D1FFE701208DF80F009EE010E043F6F7
:1042B0000000C4F20200006800F002010020B0EB30
:1042C000510F04D1FFE701208DF80F008DE0FFE7CB
:1042D000FFE743F60801C4F20201086820F003007A
:1042E000029A526810430860FFF75CFE0090FFE7F7
:1042F00043F60800C4F20200006800F00C000299C6
:104300004968B0EB810F0ED0FFE7FFF74BFE009935
:10431000401A41F28931884204D3FFE703208DF827
:104320000F0062E0E4E7FFE7019843F60041C4F2C2
:104330000201096801F00701884212D2FFE70199E2
:1043400043F60040C4F202000170006800F007006C
:104350000199884204D0FFE701208DF80F0044E066
:10436000FFE702980078400700280CD5FFE743F6E6
:104370000801C4F20201086820F4E050029AD268F1
:1043800010430860FFE702980078000700280DD569
:10439000FFE743F60801C4F20201086820F4604018
:1043A000029A126940EAC2000860FFE700F064F870
:1043B00043F60801C4F202010968C9B20A094BF6C2
:1043C000D401C0F60001895CC84040F20001C2F28D
:1043D0000001086040F20800C2F200000068FFF728
:1043E00011FE00208DF80F00FFE79DF80F0004B0CC
:1043F00080BD000082B00190009101990F200860FB
:1044000043F60800C4F20200016801F00301019ABA
:104410005160016801F0F001019A9160016801F4B6
:10442000E051019AD160006800F46040C008019931
:10443000086143F60040C4F20200006800F0070083
:104440000099086002B0704740F20000C2F200001C
:104450000068704780B5FFF7F7FF43F60801C4F224
:104460000201096889B24A0B4BF6E401C0F600016B
:10447000895CC84080BD000080B586B000200590F2
:1044800004900390029043F60800C4F20200006812
:1044900000F00C000146019140B1FFE701980428AB
:1044A0000AD0FFE7019808280CD04FE042F2004004
:1044B000C0F2F40002904FE047F64000C0F27D10D9
:1044C000029049E043F60400C4F20200016801F0E2
:1044D0003F01059100684002002813D5FFE743F62D
:1044E0000400C4F202000068C0F3881047F64001DF
:1044F000C0F27D11A0FB0101059A0023FBF7B4FE79
:10450000049012E043F60400C4F202000068C0F315
:10451000881042F20041C0F2F401A0FB0101059AAB
:104520000023FBF7A1FE0490FFE743F60400C4F26A
:104530000200006800F44031022000EBD13003900B
:1045400004980399B0FBF1F0029005E042F20040BC
:10455000C0F2F4000290FFE7029806B080BD0000B0
:1045600080B586B00490049820B9FFE701208DF84B
:10457000170050E304980078C007002800F0A580D9
:10458000FFE743F60800C4F20200006800F00C00E8
:10459000042813D0FFE743F60800C4F202000068C5
:1045A00000F00C0008281ED1FFE743F60400C4F217
:1045B000020000684002002815D5FFE743F600001E
:1045C000C4F20200006800F400310020B0EB514F4B
:1045D00008D0FFE70498406820B9FFE701208DF874
:1045E000170018E370E0FFE704984068B0F5803FDB
:1045F00009D1FFE743F60001C4F20201086840F464
:104600008030086020E004984068B0F5A02F0DD1FC
:10461000FFE743F60001C4F20201086840F480207D
:104620000860086840F4803008600CE043F6000140
:10463000C4F20201086820F480300860086820F4A1
:1046400080200860FFE7FFE7FFE704984068E8B1D3
:10465000FFE7FFF7A7FC0390FFE743F60000C4F273
:104660000200006800F400310020B0EB514F0CD183
:10467000FFE7FFF797FC0399401A652804D3FFE78B
:1046800003208DF81700C6E2E7E71CE0FFF78AFC7D
:104690000390FFE743F60000C4F20200006800F454
:1046A00000310020B0EB514F0CD0FFE7FFF77AFC50
:1046B0000399401A652804D3FFE703208DF81700FB
:1046C000A9E2E7E7FFE7FFE7FFE704980078800744
:1046D000002840F19680FFE743F60800C4F202008C
:1046E000006810F00C0F13D0FFE743F60800C4F287
:1046F0000200006800F00C0008282CD1FFE743F608
:104700000400C4F2020000684002002823D4FFE73E
:1047100043F60000C4F20200006800F0020100202D
:10472000B0EB510F09D0FFE70498C068012804D00E
:10473000FFE701208DF817006DE243F60001C4F297
:104740000201086820F0F800049A126940EAC200E9
:104750000860FFE754E00498C06870B3FFE70021E9
:10476000C4F2472101200860FFF71CFC0390FFE71B
:1047700043F60000C4F20200006800F002010020CD
:10478000B0EB510F0CD1FFE7FFF70CFC0399401A77
:10479000032804D3FFE703208DF817003BE2E7E787
:1047A00043F60001C4F20201086820F0F800049A00
:1047B000126940EAC200086021E00021C4F24721EA
:1047C00000200860FFF7EEFB0390FFE743F60000D0
:1047D000C4F20200006800F002010020B0EB510FAB
:1047E0000CD0FFE7FFF7DEFB0399401A032804D340
:1047F000FFE703208DF817000DE2E7E7FFE7FFE78B
:10480000FFE704980078000700284BD5FFE70498DD
:10481000406918B3FFE740F68061C4F247210120E8
:104820000860FFF7BFFB0390FFE743F67400C4F294
:104830000200006800F002010020B0EB510F0CD123
:10484000FFE7FFF7AFFB0399401A032804D3FFE704
:1048500003208DF81700DEE1E7E722E040F68061F3
:10486000C4F2472100200860FFF79CFB0390FFE79C
:1048700043F67400C4F20200006800F00201002058
:10488000B0EB510F0CD0FFE7FFF78CFB0399401AF8
:10489000032804D3FFE703208DF81700BBE1E7E707
:1048A000FFE7FFE7049800784007002840F1CE803A
:1048B000FFE700208DF8070043F64000C4F2020035
:1048C0000068C000002815D4FFE7FFE70020009033
:1048D00043F64000C4F20200016841F080510160DB
:1048E000006800F0805000900098FFE701208DF8EC
:1048F0000700FFE747F20000C4F200000068C005AF
:10490000002822D4FFE747F20001C4F20001086842
:1049100040F480700860FFF745FB0390FFE747F223
:104920000000C4F200000068C00500280CD4FFE7B6
:10493000FFF738FB0399401A032804D3FFE703204D
:104940008DF8170067E1EAE7FFE7FFE70498806862
:10495000012809D1FFE743F67001C4F2020108689B
:1049600040F0010008601FE00498806805280DD120
:10497000FFE743F67001C4F20201086840F004004A
:104980000860086840F0010008600CE043F6700120
:10499000C4F20201086820F001000860086820F0F5
:1049A00004000860FFE7FFE7FFE704988068F8B1BC
:1049B000FFE7FFF7F7FA0390FFE743F67000C4F252
:1049C0000200006800F002010020B0EB510F0ED190
:1049D000FFE7FFF7E7FA0399401A41F2893188426D
:1049E00004D3FFE703208DF8170014E1E5E71EE08C
:1049F000FFF7D8FA0390FFE743F67000C4F2020015
:104A0000006800F002010020B0EB510F0ED0FFE76C
:104A1000FFF7C8FA0399401A41F28931884204D35A
:104A2000FFE703208DF81700F5E0E5E7FFE79DF8C5
:104A30000700012809D1FFE743F64001C4F2020153
:104A4000086820F080500860FFE7FFE7049880695D
:104A5000002800F0DC80FFE743F60800C4F2020003
:104A6000006800F00C00082800F08580FFE704983B
:104A7000806902285CD1FFE76021C4F24721002051
:104A80000860FFF78FFA0390FFE743F60000C4F2D7
:104A90000200006800F000710020B0EB516F0CD0F4
:104AA000FFE7FFF77FFA0399401A032804D3FFE7D3
:104AB00003208DF81700AEE0E7E70499C869D1F844
:104AC00020C04B6A8A6A40EA0C0040EA8310D20395
:104AD0004FF6FF739A43A2F580321043C96A40EA49
:104AE000016043F60401C4F2020108606021C4F2CF
:104AF000472101200860FFF755FA0390FFE743F6CE
:104B00000000C4F20200006800F000710020B0EB69
:104B1000516F0CD1FFE7FFF745FA0399401A0328BC
:104B200004D3FFE703208DF8170074E0E7E721E0E6
:104B30006021C4F2472100200860FFF733FA039098
:104B4000FFE743F60000C4F20200006800F00071C5
:104B50000020B0EB516F0CD0FFE7FFF723FA039969
:104B6000401A032804D3FFE703208DF8170052E012
:104B7000E7E7FFE74AE004988069012804D1FFE7EE
:104B800001208DF8170046E043F60400C4F202004D
:104B90000068029004988069012831D0FFE70298EC
:104BA00000F480000499C969884229D1FFE702987E
:104BB00000F03F000499096A884221D1FFE702987A
:104BC00047F6C07108400499496AB0EB811F17D1BC
:104BD000FFE7029800F440300499896AC9034FF650
:104BE000FF729143A1F58031884209D1FFE7029815
:104BF00000F070600499C96AB0EB016F04D0FFE760
:104C000001208DF8170006E0FFE7FFE7FFE700202F
:104C10008DF81700FFE79DF8170006B080BD000073
:104C200081B0009001B0704781B0009001B0704732
:104C300085B003900291FFE7039890F83C000128AB
:104C400004D1FFE702208DF813007EE003990120D4
:104C500081F83C00FFE7FFE70399022081F83D005F
:104C6000039800684068019003980068806800908D
:104C7000019820F0700001900298016801980843A3
:104C80000190019803990968486003980068002121
:104C9000C4F2010188423CD0FFE703980068B0F1FC
:104CA000804F36D0FFE70398006840F20041C4F21D
:104CB000000188422DD0FFE70398006840F600010C
:104CC000C4F20001884224D0FFE70398006840F650
:104CD0000041C4F2000188421BD0FFE7039800683E
:104CE00040F20041C4F20101884212D0FFE703986C
:104CF000006844F20001C4F20101884209D0FFE7D4
:104D00000398006841F60001C4F2000188420ED108
:104D1000FFE7009820F0800000900298416800981A
:104D2000084300900098039909688860FFE7039999
:104D3000012081F83D00FFE70399002081F83C0045
:104D4000FFE700208DF81300FFE79DF8130005B082
:104D50007047000080B582B00090009820B9FFE74E
:104D600001208DF807003FE0009890F83D0040B921
:104D7000FFE70099002081F83C00009800F038F827
:104D8000FFE70099022081F83D00009951F8040BDB
:104D900001F002FF0099012081F84600FFE7009929
:104DA000012081F83E00009981F83F00009981F8C8
:104DB0004000009981F84100FFE7FFE700990120DA
:104DC00081F84200009981F84300009981F844007D
:104DD000009981F84500FFE70099012081F83D0026
:104DE00000208DF80700FFE79DF8070002B080BDA6
:104DF00080B586B0059005980068B0F1804F1BD152
:104E0000FFE7FFE70020049043F64000C4F20200F1
:104E1000016841F001010160006800F001000490A8
:104E20000498FFE71C20029005210022FFF78EF96D
:104E30000298FFF781F924E00598006840F20041EC
:104E4000C4F2000188421BD1FFE7FFE70020039076
:104E500043F64000C4F20200016841F00201016023
:104E6000006800F0020003900398FFE71D20019006
:104E700005210022FFF76AF90198FFF75DF9FFE7C6
:104E8000FFE706B080BD000083B00190019890F864
:104E90003D00012804D0FFE701208DF80B006AE0F7
:104EA0000199022081F83D0001980168C86840F02E
:104EB0000100C860019800680021C4F20101884225
:104EC0003CD0FFE701980068B0F1804F36D0FFE793
:104ED0000198006840F20041C4F2000188422DD0E0
:104EE000FFE70198006840F60001C4F20001884223
:104EF00024D0FFE70198006840F60041C4F20001A9
:104F000088421BD0FFE70198006840F20041C4F2DC
:104F10000101884212D0FFE70198006844F20001C5
:104F2000C4F20101884209D0FFE70198006841F608
:104F30000001C4F20001884212D1FFE70198006825
:104F4000806800F0070000900098062807D0FFE76F
:104F500001980168086840F001000860FFE706E07A
:104F600001980168086840F001000860FFE7002030
:104F70008DF80B00FFE79DF80B0003B070470000B1
:104F800080B586B00490039100208DF80B00FFE7F8
:104F9000049890F83C00012804D1FFE702208DF826
:104FA0001700ABE00499012081F83C00FFE7FFE720
:104FB0000499022081F83D000498006880680190FF
:104FC000019820F077000190019820F47F40019033
:104FD0000198049909688860039800680090002887
:104FE00072D0FFE7009810286ED0FFE700982028C5
:104FF0006AD0FFE70098302866D0FFE70098402885
:1050000055D0FFE70098502837D0FFE70098602878
:1050100040D0FFE7009870280BD0FFE70098B0F56C
:10502000805F05D0FFE70098B0F5005F16D052E032
:1050300055E004980068039B5A689968DB6801F0A2
:105040007DFE0498006880680190019840F0770028
:105050000190019804990968886040E0049800680C
:10506000039B5A689968DB6801F068FE0498016840
:10507000886840F48040886031E004980068039AB2
:105080005168D26801F0D0FE04980068502101F008
:105090006FFE24E004980068039A5168D26801F01A
:1050A000EBFE04980068602101F062FE17E00498AE
:1050B0000068039A5168D26801F0B6FE049800684F
:1050C000402101F055FE0AE0049800680399096840
:1050D00001F04EFE03E001208DF80B00FFE704997C
:1050E000012081F83D00FFE70499002081F83C0091
:1050F000FFE79DF80B008DF81700FFE79DF81700FC
:1051000006B080BD81B0009001B0704780B584B01A
:10511000039003980068C0680290039800680069D3
:1051200001909DF804008007002824D5FFE79DF832
:105130000800800700281DD5FFE7039801686FF07D
:1051400002000861039901200877039800688069CC
:10515000800720B1FFE70398FFF7D4FF06E003982C
:1051600000F0E2F8039800F0E3F8FFE7039900206D
:105170000877FFE7FFE79DF804004007002825D5E2
:10518000FFE79DF80800400700281ED5FFE70398B9
:1051900001686FF004000861039902200877039802
:1051A0000068806910F4407F04D0FFE70398FFF7A0
:1051B000A9FF06E0039800F0B7F8039800F0B8F8EC
:1051C000FFE7039900200877FFE7FFE79DF8040059
:1051D0000007002824D5FFE79DF8080000070028F5
:1051E0001DD5FFE7039801686FF008000861039977
:1051F0000420087703980068C069800720B1FFE7A2
:105200000398FFF77FFF06E0039800F08DF80398FE
:1052100000F08EF8FFE7039900200877FFE7FFE72B
:105220009DF80400C006002825D5FFE79DF808007A
:10523000C00600281ED5FFE7039801686FF0100034
:10524000086103990820087703980068C06910F482
:10525000407F04D0FFE70398FFF754FF06E0039870
:1052600000F062F8039800F063F8FFE7039900206C
:105270000877FFE7FFE79DF80400C00778B1FFE774
:105280009DF80800C00748B1FFE7039801686FF078
:1052900001000861039800F04FF8FFE7FFE79DF871
:1052A00004000006002810D5FFE79DF8080000065E
:1052B000002809D5FFE7039801686FF080000861B6
:1052C0000398FFF7ADFCFFE7FFE79DF804004006F9
:1052D000002810D5FFE79DF808004006002809D5F2
:1052E000FFE7039801686FF040000861039800F041
:1052F00037F8FFE7FFE79DF804008006002810D587
:10530000FFE79DF808008006002809D5FFE703980D
:1053100001686FF0200008610398FFF785FCFFE744
:10532000FFE704B080BD000081B0009001B070477D
:1053300081B0009001B0704780B582B001900198B3
:1053400000680021C4F20101884203D1FFE7FEF7A3
:105350002FFEFFE7019801F021FD02B080BD0000A3
:1053600081B0009001B0704780B586B00490039181
:10537000ADF80A20049890F84200202848D1FFE7B1
:10538000039820B1FFE7BDF80A0020B9FFE701202C
:105390008DF8170040E0049901200863049900206B
:1053A000486304980399BDF80A2001F09DFF8DF829
:1053B00009000498006B012821D1FFE7FFE70020D6
:1053C00001900498006800680190049800684068A3
:1053D00001900198FFE7FFE7FFE70498006850E8B5
:1053E000030F40F010000090FFE700990498026856
:1053F00042E803100028F0D1FFE7FFE703E00120B7
:105400008DF80900FFE79DF809008DF8170003E00B
:1054100002208DF81700FFE79DF8170006B080BD49
:1054200080B582B00190ADF802100198006841F299
:105430000001C4F2010188420CD1FFE740F6007080
:10544000C2F2000041F23851C2F200010122FFF71E
:105450008BFFFFE70198006844F20041C4F20001AD
:1054600088420CD1FFE740F64870C2F2000041F2DA
:105470003951C2F200010522FFF776FFFFE702B0C3
:1054800080BD000081B0009001B0704780B592B03F
:105490001190119800680068109011980068C06819
:1054A0000F901198006840690E9000200D900C90AC
:1054B000109800F00F000D900D9888B9FFE79DF847
:1054C0004000800600280AD5FFE79DF83C008006D2
:1054D000002804D5FFE7119801F052FE02E2FFE731
:1054E0000D98002800F0C280FFE79DF83800C00743
:1054F00038B9FFE7BDF83C0010F4907F00F0B680AB
:10550000FFE79DF84000C00758B1FFE79DF83D0058
:10551000C00730B1FFE71199486C40F001004864C2
:10552000FFE79DF84000400700280BD5FFE79DF8F6
:105530003800C00730B1FFE71199486C40F0020015
:105540004864FFE79DF84000800700280BD5FFE77F
:105550009DF83800C00730B1FFE71199486C40F062
:1055600004004864FFE79DF840000007002811D5BB
:10557000FFE79DF83C008006002805D4FFE79DF872
:105580003800C00730B1FFE71199486C40F00800BF
:105590004864FFE71198406C002866D0FFE79DF84B
:1055A0004000800600280AD5FFE79DF83C008006F1
:1055B000002804D5FFE7119801F0E2FDFFE71198FC
:1055C00000684069C0F380100C901198406C00078F
:1055D000002804D4FFE70C9800283ED0FFE711987C
:1055E00001F054FD119800684069400600282FD54D
:1055F000FFE7FFE7FFE71198006850E8050F20F08C
:1056000040000B90FFE70B991198026842E80510E3
:105610000028F0D1FFE7FFE71198C06B98B1FFE7D2
:105620001198C16B46F6CD60C0F600000865119870
:10563000C06BFEF78DF828B1FFE71198C06B016DC4
:105640008847FFE703E01198FFF71CFFFFE703E03F
:105650001198FFF717FFFFE706E01198FFF712FF19
:10566000119900204864FFE7FFE73BE11198006BC8
:10567000012840F01781FFE79DF84000C006002890
:1056800040F11081FFE79DF83C00C006002840F182
:105690000981FFE7FFE700200A9011980068006881
:1056A0000A901198006840680A900A98FFE71198DC
:1056B000006840694006002840F19A80FFE7119891
:1056C000C06B00684068ADF82600BDF826000028D1
:1056D00075D0FFE7BDF826001199898D88426EDAF2
:1056E000FFE7BDF826001199C8851198C06BC06905
:1056F000B0F5807F58D0FFE7FFE7FFE7119800681B
:1057000050E8030F20F480700890FFE70899119883
:10571000026842E803100028F0D1FFE7FFE7FFE747
:10572000FFE71198006850E8050F20F0010007908E
:10573000FFE707991198026842E805100028F0D1A8
:10574000FFE7FFE7FFE7FFE71198006850E8050F64
:1057500020F040000690FFE706991198026842E8A1
:1057600005100028F0D1FFE7FFE71199202081F80C
:105770004200119900200863FFE7FFE711980068D5
:1057800050E8030F20F010000590FFE705991198ED
:10579000026842E803100028F0D1FFE7FFE7119804
:1057A000C06BFDF75FFFFFE7119902204863119876
:1057B000818DC28D891A89B2FFF732FE17E0BDF8DC
:1057C00026001199898D884210D1FFE71198C06B8E
:1057D000C069B0F5807F08D1FFE7119902204863C6
:1057E0001198818DFFF71CFEFFE7FFE7FFE779E0E7
:1057F0001199888DC98D401AADF812001198C08D8D
:1058000000284ED0FFE7BDF81200002849D0FFE77E
:10581000FFE7FFE71198006850E8030F20F490704D
:105820000390FFE703991198026842E803100028EB
:10583000F0D1FFE7FFE7FFE7FFE71198006850E8C6
:10584000050F20F001000290FFE70299119802680D
:1058500042E805100028F0D1FFE7FFE7119920206A
:1058600081F84200119900200863FFE7FFE71198D3
:10587000006850E8030F20F010000190FFE7019945
:105880001198026842E803100028F0D1FFE7FFE713
:105890001199022048631198BDF81210FFF7C0FD5E
:1058A000FFE71FE09DF84000000600280AD5FFE74B
:1058B0009DF83C000006002804D5FFE7119801F090
:1058C000ABFD0FE09DF84000400600280AD5FFE739
:1058D0009DF83C004006002804D5FFE7119801F030
:1058E0001FFCFFE712B080BD80B584B0029001912B
:1058F000ADF80220029890F84200202817D1FFE767
:10590000019820B1FFE7BDF8020020B9FFE70120B0
:105910008DF80F000FE002990020086302980199AA
:10592000BDF8022001F0E0FC8DF80F0003E002203A
:105930008DF80F00FFE79DF80F0004B080BD000058
:1059400080B582B001900198006841F20001C4F274
:105950000101884211D1FFE741F23850C2F2000044
:1059600000900078FCF7B2FD009940F60070C2F29A
:1059700000000122FFF7B8FFFFE70198006844F23A
:105980000041C4F2000188420CD1FFE740F64870A4
:10599000C2F2000041F23951C2F200010522FFF7C4
:1059A000A3FFFFE702B080BD81B0009001B0704757
:1059B00081B0009001B07047FFE7FEE780B582B08C
:1059C0000190FFE700F002F8FCE7000080B588B026
:1059D0000020C4F2020006901021009101220392DF
:1059E000FEF7C8FAC820079002F0A6FC00990698B6
:1059F00000220592FEF7BEFA079802F09DFC039A7A
:105A0000069820210191FEF7B5FA079802F094FC60
:105A10000199059A0698FEF7ADFA079802F08CFCFA
:105A2000039A069840210291FEF7A4FA079802F023
:105A300083FC0299059A0698FEF79CFA079802F0F3
:105A40007BFC039A069880210491FEF793FA07984D
:105A500002F072FC0499059A0698FEF78BFA0798F3
:105A600002F06AFC08B080BD80B58CB040F65840AA
:105A7000C2F20000019046F20041C4F20001016050
:105A80000321416000218160C1604FF40022026166
:105A90004FF4401242610176012242768276C2764C
:105AA00001774177FDF7FEFA18B1FFE7FCF73CFEFE
:105AB000FFE701210A910E200B900020079009902A
:105AC0000891069044F22000029044F240000490B5
:105AD00044F2600003904FF48140059040F6584036
:105AE000C2F2000002A9FCF705FF18B1FFE7FCF7BE
:105AF0001BFEFFE701210A910E200B900791002069
:105B0000099008900691029004900390059040F649
:105B10005840C2F2000002A9FCF7ECFE18B1FFE702
:105B2000FCF702FEFFE740F65840C2F20000FDF726
:105B300037FD18B1FFE7FCF7F7FDFFE740F65840E7
:105B4000C2F200000221FCF7FFFD18B1FFE7FCF7ED
:105B5000EBFDFFE740F65840C2F200001021FCF7D1
:105B6000F3FD18B1FFE7FCF7DFFDFFE70CB080BDE8
:105B700080B58CB040F68040C2F20000009046F63E
:105B80000001C4F200010160032141600021019184
:105B90008160C1604FF4002202614FF44012426103
:105BA000017641768176C17601774177FDF77AFA01
:105BB00018B1FFE7FCF7B8FDFFE701210A910E20BD
:105BC0000B900790002009900891069044F2200065
:105BD000029044F24000049044F2600003904FF4BD
:105BE0008140059040F68040C2F2000002A9FCF717
:105BF00081FE18B1FFE7FCF797FDFFE701210A914D
:105C00000E200B900F20079000200990089006911D
:105C1000029004900390059040F68040C2F200008C
:105C200002A9FCF767FE18B1FFE7FCF77DFDFFE76F
:105C300040F68040C2F20000FDF7B2FC18B1FFE769
:105C4000FCF772FDFFE740F68040C2F2000002213F
:105C5000FCF77AFD18B1FFE7FCF766FDFFE740F6B9
:105C60008040C2F200001021FCF76EFD18B1FFE782
:105C7000FCF75AFDFFE70CB080BD000080B588B08E
:105C8000FFE70020079043F63000C4F202000168ED
:105C900041F480010160006800F4800007900798DB
:105CA000FFE7FFE70020069043F63000C4F2020051
:105CB000016841F400110160006800F400100690D2
:105CC0000698FFE71020009005210391002204921E
:105CD000FEF73CFA0098FEF72FFA0399049A112078
:105CE0000190FEF733FA0198FEF726FA0399049A19
:105CF0003A200290FEF72AFA0298FEF71DFA03995D
:105D0000049A46200590FEF721FA0598FEF714FA4A
:105D100008B080BD80B582B045F6BD10C0F6000069
:105D20004BF66C12C0F600020021019102F0ACFBB0
:105D3000019940F2B062C2F20002106040F22150BC
:105D4000C0F600004BF62412C0F6000202F09CFBE5
:105D5000019940F27802C2F20002106040F20D6038
:105D6000C0F600004BF64812C0F6000202F08CFBB1
:105D700040F27C01C2F20001086002B080BD000068
:105D800080B58CB000200B900A9009900890079085
:105D9000FFE70020069043F63000C4F202000168DD
:105DA00041F080010160006800F0800006900698D4
:105DB000FFE7FFE70020059043F63000C4F2020041
:105DC000016841F001010160006800F001000590E8
:105DD0000598FFE7FFE70020049043F63000C4F287
:105DE0000200016841F002010160006800F0020059
:105DF00004900498FFE70020C4F2020003904FF4DF
:105E0000F871019100220292FEF7B4F8019A02990A
:105E10000398079201220892022209920A9107A987
:105E2000FDF7CCFE0CB080BD80B588B0002101919B
:105E300007910691059104910391029140F67060DB
:105E4000C2F200004FF08042026053224260816043
:105E500040F2E732C26001618161FEF77BFF18B159
:105E6000FFE7FCF761FCFFE74FF48050049040F639
:105E70007060C2F2000004A9FFF782F818B1FFE7D2
:105E8000FCF752FCFFE700200290039040F67060A0
:105E9000C2F2000002A9FEF7CBFE18B1FFE7FCF743
:105EA00043FCFFE740F67060C2F20000FEF7ECFF33
:105EB00018B1FFE7FCF738FCFFE708B080BD000031
:105EC00080B588B000210191079106910591049158
:105ED0000391029140F6B860C2F2000040F2004225
:105EE000C4F20002026053224260816040F2E73255
:105EF000C26001618161FEF72DFF18B1FFE7FCF779
:105F000013FCFFE74FF48050049040F6B860C2F2F3
:105F1000000004A9FFF734F818B1FFE7FCF704FC10
:105F2000FFE700200290039040F6B860C2F2000044
:105F300002A9FEF77DFE18B1FFE7FCF7F5FBFFE7CE
:105F400040F6B860C2F20000FEF79EFF18B1FFE70E
:105F5000FCF7EAFBFFE708B080BD000070B596B023
:105F60001D9D1C9CDDF86CE0DDF868C01E9E15953B
:105F70001494CDF84CE0CDF848C0119310920F91D5
:105F80000E9010988DF8370002F078F9A0B1FFE775
:105F90009DF8370001280FD0FFE79DF8370058B172
:105FA000FFE70E989DF837106A46116007A904AA0A
:105FB00006AB03F0DFFB2AE19DF8370001460391B1
:105FC000E8B1FFE70398012851D0FFE703980528BF
:105FD00000F0D880FFE70398062800F0E780FFE78D
:105FE0000398082800F0F680FFE70398EE2800F0F9
:105FF000B980FFE70398FF2800F0878007E1139836
:10600000A0BBFFE70420099000200A9040F2001195
:10601000C0F20151089102210B918DF8300002F07D
:1060200049F938B1FFE702208DF8100000208DF803
:10603000110011E002F022F930B1FFE701208DF8E4
:1060400010008DF8110006E000208DF810000120EE
:106050008DF81100FFE7FFE740F65840C2F200005C
:1060600007A904AA06ABFCF799FBFFE7CFE013985A
:10607000022849D1FFE71E980078F0B9FFE7012018
:10608000FBF794FB0420099000200A9040F20111D4
:10609000C0F20151089102210B918DF830008DF86A
:1060A00010008DF8110040F65840C2F2000007A918
:1060B00004AA06ABFCF772FB25E01E9800780128C5
:1060C00020D1FFE702200290FBF770FB0299042029
:1060D000099000200A9040F20112C0F20152089289
:1060E0000B918DF8300001218DF810108DF8110002
:1060F00040F65840C2F2000007A904AA06ABFCF71C
:106100004DFBFFE7FFE7FFE781E002F0D3F858B16E
:10611000FFE70E989DF837106A46116007A904AA98
:1061200006AB03F057FB72E041F20251C2F20001EC
:106130000020087041F20151C2F20001087041F2E2
:106140001051C2F2000108600E989DF837106A469F
:10615000116007A904AA06AB03F09EFB0320FBF71E
:1061600025FB54E01398022801D0FFE74FE00E987A
:106170009DF837106A46116007A904AA06AB03F020
:1061800029FB44E002F096F858B1FFE70E989DF81D
:1061900037106A46116007A904AA06AB03F01AFB80
:1061A00035E09DF83700FBF72DFB30E002F082F878
:1061B00058B1FFE70E989DF837106A46116007A99D
:1061C00004AA06AB03F006FB21E09DF83700FBF7BD
:1061D00019FB1CE002F06EF858B1FFE70E989DF82D
:1061E00037106A46116007A904AA06AB03F0F2FA59
:1061F0000DE00E989DF837106A46116007A904AAB1
:1062000006AB03F049FB0A20FBF7D0FAFFE716B014
:1062100070BD0000FFE7FEE781B08DED000A9DED47
:10622000000A9FED031A20EE010A01B0704700BF7B
:106230000000B443FFE7FEE788B00790069105929F
:10624000079800F0070004900498C0F107000528A3
:1062500003D3FFE70420019004E00498C0F1070095
:106260000190FFE70198039004980430062803D8B2
:10627000FFE70020009003E0049803380090FFE758
:106280000098029006980399012202FA01F101395F
:106290000840029B984005999A40013A11400843F2
:1062A00008B0704782B00190019890ED030A019800
:1062B00090ED041A30EE410A019880ED050A01982C
:1062C00090F8240001460091D0B3FFE70098012820
:1062D0006DD1FFE7019890ED000A90ED051A019845
:1062E00090ED062A31EE422A019890ED011A90EDC8
:1062F000053A21EE031A20EE020A30EE011A019847
:1063000090ED020A90ED052A019890ED063A33EEE1
:10631000033A32EE432A019890ED073A32EE032A0F
:1063200020EE020A30EE010A019880ED080A019879
:1063300080690199C861019840690199886137E0D5
:10634000019890ED050A019890ED071AB6EE002A23
:1063500021EE021A20EE020A30EE010A019880EDC9
:10636000070A019890ED000A90ED052A019890ED3A
:10637000011A90ED073A21EE031A20EE020A30EEE0
:10638000011A019890ED020A90ED052A019890ED0E
:10639000063A32EE432A20EE020A30EE010A019854
:1063A00080ED080A019840690199886100E0FFE7E3
:1063B000019890ED080A02B07047000080B586B0E1
:1063C00002AA009202460098059280ED020AC0EDF2
:1063D000010A80ED001A8DF80710049805990860ED
:1063E0000398059948600298059988609DF8070010
:1063F000059981F82400059800F002F806B080BDE8
:1064000081B0009000990020C8600099086100994F
:106410004861009988610099C8610099086201B0DB
:1064200070470000000000000000000000000000B5
:10643000EFF30980BFF36F8F154B1A681EF0100F32
:1064400008BF20ED108A20E9F04F10602DE9090007
:106450004FF0500080F31188BFF34F8FBFF36F8F61
:1064600003F044FF4FF0000080F31188BDE80900FD
:1064700019680868B0E8F04F1EF0100F08BFB0ECC4
:10648000108A80F30988BFF36F8F704700BF00BF89
:106490008810002080B582B0FAF7BCFA8DF80700AA
:1064A0009DF807100120042900900FD0FFE79DF808
:1064B000071001200629009008D0FFE79DF807008B
:1064C0000738B0FA80F040090090FFE7009800F02C
:1064D000010002B080BD000081B040F69070C2F2B1
:1064E000000001780120009059B1FFE740F690705C
:1064F000C2F2000000780538B0FA80F04009009040
:10650000FFE7009800F0010001B0704780B540F649
:106510009070C2F200000078022801D0FFE70AE084
:10652000FAF768FDFAF7BAFD40F69071C2F2000181
:1065300003200870FFE780BD40F69070C2F20000B3
:106540000078704740F65441C2F2000100200880F4
:1065500040F69071C2F200010870704780B582B0B9
:10656000FAF758FA8DF80700FAF792FD8DF8060051
:1065700040F69070C2F20000007808B3FFE740F6E2
:106580009070C2F200000078052819D0FFE740F6AD
:106590009070C2F200000078062811D0FFE79DF845
:1065A0000700082805D0FFE79DF80600042807D15A
:1065B000FFE740F69071C2F200010620087055E036
:1065C00040F69070C2F20000007801460091082861
:1065D00045D80099DFE801F00506192743414142FB
:1065E000340043E09DF8070006280DD1FFE740F690
:1065F0005441C2F200010020088040F69071C2F2BE
:10660000000102200870FFE730E040F65442C2F279
:1066100000021088411C1180962803DBFFE7FFF77A
:1066200075FFFFE722E09DF80600022807D1FFE78B
:1066300040F69071C2F2000105200870FFE715E0F6
:106640009DF80700042807D1FFE740F69071C2F2D9
:10665000000100200870FFE708E007E006E040F6D0
:106660009071C2F2000106200870FFE702B080BD01
:1066700040F65441C2F200010020088040F69071BB
:10668000C2F20001082008707047000080B5FFF7D3
:1066900023FF68B1FFE7FFF7FDFE48B1FFE7FAF718
:1066A000F7FC30B1FFE7FAF7F3FC022801D0FFE76F
:1066B00008E0FAF759FA40F69071C2F200010120A1
:1066C0000870FFE780BD000080B5FFF705FF68B1E7
:1066D000FFE7FFF7DFFE48B1FFE7FAF7D9FC30B17B
:1066E000FFE7FAF7D5FC022801D0FFE708E0FAF748
:1066F00041FA40F69071C2F2000101200870FFE7F4
:1067000080BD000080B5FFF7E7FE68B1FFE7FFF747
:10671000C1FE48B1FFE7FAF7BBFC30B1FFE7FAF77B
:10672000B7FC022801D0FFE708E0FAF741FA40F68B
:106730009071C2F2000101200870FFE780BD0000E7
:1067400080B540F69070C2F200000078C0B1FFE75B
:1067500040F69070C2F200000078052810D0FFE7E4
:1067600040F69070C2F200000078062808D0FFE7DB
:1067700040F69070C2F200000078072801D1FFE7D0
:1067800008E0FAF7CDFB40F69071C2F20001072055
:106790000870FFE780BD000080B582B0FAF73AF9D3
:1067A0008DF807009DF807100120042900900FD0F4
:1067B000FFE79DF8071001200629009008D0FFE7A9
:1067C0009DF807000738B0FA80F040090090FFE715
:1067D000009800F0010002B080BD000081B040F6DA
:1067E0009170C2F2000001780120009059B1FFE7DA
:1067F00040F69170C2F2000000780538B0FA80F0DF
:1068000040090090FFE7009800F0010001B07047D8
:1068100080B5FAF7EFFBFAF7AFFC40F69171C2F2E0
:1068200000010320087080BD40F69170C2F20000A4
:106830000078704740F69171C2F2000100200870A4
:106840007047000080B582B0FAF7E4F88DF80700D1
:10685000FAF71EFC8DF8060040F69170C2F20000B7
:10686000007808B3FFE740F69170C2F200000078AC
:10687000052819D0FFE740F69170C2F200000078B9
:10688000062811D0FFE79DF80700082805D0FFE78C
:106890009DF80600042807D1FFE740F69171C2F287
:1068A00000010620087041E040F69170C2F200003D
:1068B000007801460091082831D80099DFE801F0FE
:1068C000050613142F2D2D2E20002FE09DF8070014
:1068D000062807D1FFE740F69171C2F200010220BD
:1068E0000870FFE722E021E09DF8060038B9FFE7D5
:1068F00040F69171C2F2000105200870FFE715E033
:106900009DF80700042807D1FFE740F69171C2F215
:10691000000100200870FFE708E007E006E040F60D
:106920009171C2F2000106200870FFE702B080BD3D
:1069300040F69171C2F20001082008707047000013
:1069400080B5FFF74BFF48B1FFE7FFF725FF28B100
:10695000FFE7FAF79DFB022801D0FFE708E0FAF70E
:106960000FF940F69171C2F2000101200870FFE7B3
:1069700080BD000080B5FFF731FF48B1FFE7FFF7AA
:106980000BFF28B1FFE7FAF783FB022801D0FFE7EE
:1069900008E0FAF7FBF840F69171C2F2000101201D
:1069A0000870FFE780BD000080B5FFF717FF48B112
:1069B000FFE7FFF7F1FE28B1FFE7FAF769FB0228CE
:1069C00001D0FFE708E0FAF7E7F840F69171C2F26C
:1069D000000101200870FFE780BD000080B540F68F
:1069E0009170C2F200000078C0B1FFE740F69170EC
:1069F000C2F200000078052810D0FFE740F6917041
:106A0000C2F200000078062808D0FFE740F6917037
:106A1000C2F200000078072801D1FFE708E0FAF78A
:106A20007FFA40F69171C2F2000107200870FFE77B
:106A300080BD000000000000000000000000000019
:106A4000074B19680868B0E8F04F80F30988BFF376
:106A50006F8F4FF0000080F31188704700BF00BFB8
:106A60008810002080B56FF00400002101F0BCFB0D
:106A700080BD000080B54EF21000CEF2000000682C
:106A800004F010FA012803D0FFE703F03FFDFFE711
:106A900080BD000080B594B008A83021F9F7A9FCAA
:106AA000002007900690059004900390FFE70020D7
:106AB000029043F64000C4F20200016841F08051A8
:106AC0000160006800F0805002900298FFE7FFE745
:106AD0000020019047F20000C4F20000016841F478
:106AE00080410160006800F4804001900198FFE758
:106AF000012008904FF48030099002200E904FF44E
:106B000080010F91192110914FF4A87111911290E9
:106B10000420139008A8FDF723FD18B1FFE7FBF749
:106B200003FEFFE70F200390022004900020059051
:106B30004FF4A05006904FF48050079003A8052111
:106B4000FDF726FB18B1FFE7FBF7EEFDFFE714B0FA
:106B500080BD00004EF68851CEF20001086840F476
:106B6000700008607047000080B540F62860C2F2EF
:106B70000000FEF7CBFA80BD80B540F67060C2F22F
:106B80000000FEF7C3FA80BD80B540F6B860C2F2DF
:106B90000000FEF7BBFA80BD83B00290019102981D
:106BA0000068009002980021C4F20101884225D0BB
:106BB000FFE70298B0F1804F20D0FFE7029840F243
:106BC0000041C4F20001884218D0FFE7029840F665
:106BD0000001C4F20001884210D0FFE7029840F69D
:106BE0000041C4F20001884208D0FFE7029840F259
:106BF0000041C4F2010188420AD1FFE7009820F069
:106C00007000009001984168009808430090FFE7E9
:106C100002980021C4F20101884255D0FFE7029892
:106C2000B0F1804F50D0FFE7029840F20041C4F22B
:106C30000001884248D0FFE7029840F60001C4F204
:106C40000001884240D0FFE7029840F60041C4F2BC
:106C50000001884238D0FFE7029840F20041C4F2B8
:106C60000101884230D0FFE7029844F20001C4F2EB
:106C70000101884228D0FFE7029844F20041C4F2A3
:106C80000101884220D0FFE7029844F60001C4F2D7
:106C90000101884218D0FFE7029841F60001C4F2D2
:106CA0000001884210D0FFE7029841F60041C4F28B
:106CB0000001884208D0FFE7029842F20001C4F2C6
:106CC000000188420AD1FFE7009820F4407000904C
:106CD0000198C168009808430090FFE7009820F0F1
:106CE00080000199496908430090019880680299E1
:106CF000C862019800680299886202980021C4F273
:106D00000101884208D0FFE7029840F20041C4F236
:106D10000101884205D1FFE70198006902990863E3
:106D2000FFE70299086840F004000860029901201A
:106D3000486100980299086003B0704785B00490DC
:106D4000039102920193049880680090009820F4C7
:106D50007F40009003980299019A41EA0221014381
:106D600000980843009000980499886005B0704727
:106D700083B002900191029880680090009820F002
:106D80007000009001980099084340F007000090BF
:106D900000980299886003B07047000080B582B007
:106DA000019001980068B0F1804F30D1FFE70120D9
:106DB000009000F0ABFB009800F0A8FB40F2F571EA
:106DC000C2F20001087801300870C0B2022809DB65
:106DD000FFE740F2F571C2F2000100200870FAF7F7
:106DE0006BFEFFE740F2F471C2F200010878013057
:106DF0000870C0B2052809DBFFE740F2F471C2F267
:106E000000010020087000F015FCFFE7FFE7019883
:106E1000006840F20041C4F20001884201D1FFE75E
:106E2000FFE702B080BD000085B00490039102929C
:106E30000498006A00900499086A20F00100086232
:106E4000049880690190019820F0F0000190029967
:106E5000019840EA01100190009820F00A0000908B
:106E6000039900980843009001980499886100985C
:106E70000499086205B0704785B0049003910292AE
:106E80000498006A00900499086A20F010000862D3
:106E9000049880690190019820F470400190029953
:106EA000019840EA01300190009820F0A000009085
:106EB0000399009840EA01100090019804998861B4
:106EC00000980499086205B07047000080B582B050
:106ED00001900198806B009000990020C88500986F
:106EE000FEF7D0FA02B080BD80B584B003900020D8
:106EF00002900398806B0190019800684069C0B2CD
:106F0000C0090290019890F8410021280AD1FFE7BA
:106F1000029838B1FFE701990020C884019800F079
:106F200013F9FFE7019800684069C0F380100290F0
:106F3000019890F8420022280AD1FFE7029838B160
:106F4000FFE701990020C885019800F09FF8FFE74E
:106F50000199486C40F0100048640198FEF792FADD
:106F600004B080BD80B586B005900598806B049014
:106F7000059800680068C00500285AD4FFE7049906
:106F80000020C885FFE7FFE70498006850E8030F7A
:106F900020F480700390FFE703990498026842E8A8
:106FA00003100028F0D1FFE7FFE7FFE7FFE70498B1
:106FB000006850E8050F20F001000290FFE70299F9
:106FC0000498026842E805100028F0D1FFE7FFE7C7
:106FD000FFE7FFE70498006850E8050F20F0400045
:106FE0000190FFE701990498026842E80510002823
:106FF000F0D1FFE7FFE70499202081F842000498D0
:10700000006B012814D1FFE7FFE7FFE70498006851
:1070100050E8030F20F010000090FFE7009904985B
:10702000026842E803100028F0D1FFE7FFE7FFE71E
:10703000FFE70499002048630498006B012805D1FC
:10704000FFE70498818DFEF7EBF903E00498FEF763
:1070500077FCFFE706B080BD80B582B00190019853
:10706000806B00900099012048630098006B012814
:1070700006D1FFE70098818D4908FEF7D1F903E0BA
:107080000098FEF791FCFFE702B080BD84B003904A
:10709000FFE7FFE70398006850E8030F20F49070C3
:1070A0000290FFE702990398026842E80310002863
:1070B000F0D1FFE7FFE7FFE7FFE70398006850E83C
:1070C000050F20F001000190FFE701990398026885
:1070D00042E805100028F0D1FFE7FFE70398006BB6
:1070E000012814D1FFE7FFE7FFE70398006850E8A5
:1070F000030F20F010000090FFE70099039802684A
:1071000042E803100028F0D1FFE7FFE7FFE703990B
:10711000202081F8420003990020086304B07047E2
:1071200080B582B0019001980168C86820F04000E5
:10713000C8600199202081F841000198FEF738FCD1
:10714000002002B080BD000082B00190FFE7FFE7A1
:107150000198006850E8030F20F0C0000090FFE79E
:1071600000990198026842E803100028F0D1FFE777
:10717000FFE70199202081F8410002B0704700002C
:1071800080B586B00490002003900290049890F897
:107190004200222840F0A080FFE704988068B0F504
:1071A000805F13D1FFE70498006978B9FFE704987E
:1071B000806A02900498006840686FF35F2002992B
:1071C00008800499886A0230886223E00498806A03
:1071D000039004988068B0F5805F08D0FFE70498BA
:1071E000806850B9FFE70498006930B9FFE7049858
:1071F000006840680399087007E0049800684068D8
:1072000000F07F0003990870FFE70499886A013055
:107210008862FFE70499C88D0138C88500040028FA
:1072200056D1FFE704980168C86820F02000C860C4
:1072300004980168C86820F48070C86004980168E8
:10724000486920F0010048610499202081F842003B
:107250000499002048630498006B012830D1FFE7AF
:10726000049900200863FFE7FFE70498006850E8EE
:10727000030F20F010000190FFE7019904980268C5
:1072800042E803100028F0D1FFE7FFE70498006808
:107290000068C00600280ED5FFE7FFE70020009039
:1072A00004980068006800900498006840680090A6
:1072B0000098FFE7FFE70498818DFEF7B1F803E03F
:1072C0000498FEF73DFBFFE700208DF8170007E06C
:1072D00000208DF8170003E002208DF81700FFE76B
:1072E0009DF8170006B080BD80B58AB00890079160
:1072F000ADF81A20079808998862BDF81A00089915
:107300008885089900204864089A222182F8421052
:107310000899CA6B46F66571C0F60001D1630899F9
:10732000CA6B47F25901C0F6000111640899CA6B93
:1073300046F6E961C0F60001D1640899C96B086599
:1073400007A8059008980168C06B0431059A126877
:10735000BDF81A30FCF7AEFB58B1FFE708991020D2
:1073600048640899202081F8420001208DF8270008
:107370004EE0FFE700200490089800680068049041
:1073800008980068406804900498FFE7089800692E
:10739000A0B1FFE7FFE7FFE70898006850E8030F98
:1073A00040F480700390FFE703990898026842E870
:1073B00003100028F0D1FFE7FFE7FFE7FFE7FFE753
:1073C0000898006850E8050F40F001000290FFE7C0
:1073D00002990898026842E805100028F0D1FFE7FA
:1073E000FFE7FFE7FFE70898006850E8050F40F067
:1073F00040000190FFE701990898026842E80510F3
:107400000028F0D1FFE7FFE700208DF82700FFE715
:107410009DF827000AB080BD83B00190019890F8D4
:10742000410021283AD1FFE701988068B0F5805FDC
:1074300013D1FFE70198006978B9FFE70198006A66
:107440000090009800886FF35F20019909684860F8
:107450000199086A0230086208E0019A106A411C2A
:1074600011620078019909684860FFE70199C88CAA
:107470000138C884000468B9FFE701980168C8684A
:1074800020F08000C86001980168C86840F04000A2
:10749000C860FFE700208DF80B0003E002208DF8A4
:1074A0000B00FFE79DF80B0003B0704780B540F676
:1074B0000070C2F20000FDF7E9FF80BD80B540F624
:1074C0004870C2F20000FDF7E1FF80BDFFE7FEE774
:1074D00080B582B08DF807008DF806109DF8070082
:1074E00020B9FFE70F208DF80700FFE79DF80700A0
:1074F0009DF8061040EA01104BF69012C0F600020B
:10750000002100F02BF802B080BD000080B584B0EF
:107510008DF80F009DF80F2040F28001C2F20001AB
:1075200040F2A810C2F20000002A08BF08460290EC
:1075300000208DF80700FFE79DF8070001280ADC0E
:10754000FFE70298F9F76AFEFFE79DF807000130B0
:107550008DF80700F0E704B080BD0000F0B593B0EF
:1075600012908DF8471010921298099000200B90FD
:107570009DF847000D90129800F00F000F2814D1CD
:10758000FFE7002000F00EFC079001208DF81B00A3
:1075900000F09CFD40B1FFE7042000F003FC0890E0
:1075A00002208DF81B00FFE70AE0129800F00F00A0
:1075B000013800F0F7FB079001208DF81B00FFE772
:1075C00000208DF81A00FFE79DF81A009DF81B10A7
:1075D00088422CDAFFE79DF81A1007A850F821001E
:1075E000F9F726FF08B1FFE71BE09DF81A1007A87E
:1075F00050F82100109F09990A9A0B9BDDF830C0C2
:107600000D9C0E9D0F9EEE46CEF81070CEF80C60CD
:10761000CEF80850CEF80440CEF800C0F9F770FE5E
:10762000FFE79DF81A0001308DF81A00CCE713B07F
:10763000F0BD000080B584B000200390FFE7039800
:10764000052877D8FFE7039840F2F872C2F20002EB
:107650000292AC21019100FB012000F099FB019AFC
:10766000029803995143405CC00700BBFFE70398B1
:1076700040F2F872C2F20002AC2100FB01230020AC
:107680005870039800FB01204178807888420DD023
:10769000FFE7039840F2F872C2F20002AC2100FB4F
:1076A000012090F87C1000F013FDFFE73EE0039806
:1076B00040F2F872C2F20002AC2100FB01204178D6
:1076C000807888420DD0FFE7039840F2F872C2F24A
:1076D0000002AC2100FB012090F87C1000F0F8FCC7
:1076E00024E0039840F2F872C2F20002AC2100FBE1
:1076F000012090F8A100C00758B1FFE7039840F2BD
:10770000F872C2F20002AC2100FB01210020487097
:107710000CE0039840F2F872C2F20002AC2100FBC8
:10772000012090F87C1000F0ABFBFFE703980130DC
:10773000039084E7002000902E21FFF7C9FE0098F7
:107740002D21FFF7C5FE04B080BD000080B586B0D6
:1077500000200590FFE70598052800F28D80FFE7DF
:10776000059840F2F873C2F200030293AC22039230
:1077700000FB02314FF07E504867059800FB023154
:107780000020C4F2C00088670599481C01FB023143
:1077900081F87C00059800FB023100200490886489
:1077A000059901FB02314860059901FB02318860AF
:1077B000059901FB02310861059901FB023108625C
:1077C000059901FB023C49F69A11C3F69971CCF870
:1077D0008010059901FB023C4DF20A71C3F6A351DA
:1077E000CCF88410059901FB023C46F26661C3F6B1
:1077F000E671CCF88810059901FB023C4CF6CD41AE
:10780000C3F64C61CCF88C10059901FB023C41F2A7
:107810006F21C3F60331CCF83810059901FB023C07
:1078200002218CF83C10059901FB02314870059942
:1078300001FB02318870059901FB023181F840009B
:10784000059951435854059901FB023181F8A00074
:10785000059901FB023181F8A100059901FB023174
:10786000C1F8A400059901FB0231A1F8A800FFE7C7
:107870000598013005906EE70F2001901F21FFF75A
:1078800027FE01981221FFF723FE01981321FFF72D
:107890001FFE01981421FFF71BFE01981521FFF729
:1078A00017FE06B080BD000070B594B09C4613462C
:1078B0000A4601461A9D199CDDF860E01C981B9E43
:1078C00013951294CDF844E0CDF840C00F930E927A
:1078D0000D918DF833000D9800F00F000B900D986E
:1078E00000090A9000200990ADF82200ADF82000B0
:1078F0009DF833100DA800F083FA08B9FFE7ABE15B
:107900000B98013807901198042840F04781FFE751
:107910000A980A3801460391242800F23D81039910
:10792000DFE811F015013A013A013A013A013A0152
:107930003A013A013A013A013A013A0122012E0193
:107940003A013A013A013A013A013A013A01D200C8
:107950003A01E7003A013A01FD003A013A013A01E1
:107960003A013A013A01AB003A01B7002500079805
:1079700040F2F872C2F200020192AC21029100FBC7
:107980000123186A1866079800FB01231B980068FA
:107990001862079800FB012090ED080AFEF73CFCF6
:1079A000019A0299079800FB012090ED1E1A80EEC3
:1079B000010A80ED080A079800FB012090F8A0005A
:1079C000C007002858D0FFE7079840F2F872C2F2CB
:1079D0000002AC2100FB012090ED080A90ED291A6D
:1079E00030EE410AB0EEC00AB6EE001AB4EE410A1B
:1079F000F1EE10FA0EDAFFE7079840F2F872C2F2E1
:107A00000002AC2100FB0121B1F8A8000130A1F86F
:107A1000A8000BE0079840F2F872C2F20002AC2115
:107A200000FB01210020A1F8A800FFE7079840F221
:107A3000F872C2F20002AC2100FB0123186AC3F8FD
:107A4000A400079800FB0120B0F8A800142812D366
:107A5000FFE7079840F2F872C2F20002AC2100FB87
:107A60000123012083F8A100079800FB01210020D9
:107A700081F8A000FFE7FFE78FE0079840F2F87277
:107A8000C2F20002AC2100FB01211B980068886251
:107A900083E0079840F2F872C2F20002AC2100FBCA
:107AA00001231B980068D861079800FB012090ED26
:107AB000070A90ED1E2A9FED711A81EE021A20EE40
:107AC000010A80ED070A68E0002006901B98006814
:107AD00006909DED060ABDEEC00A10EE100A079949
:107AE00040F2F873C2F20003AC2201FB023188704D
:107AF00053E0002005901B98006805909DED050A55
:107B0000BDEEC00A10EE100A079940F2F873C2F2F7
:107B10000003AC2201FB023181F840003DE000206F
:107B200004901B98006804909DED040AFEF774FB16
:107B3000079840F2F872C2F20002AC2100FB01206B
:107B400090ED1E1A80EE010A80ED090A25E00798E3
:107B500040F2F872C2F20002AC2100FB01211B9836
:107B60000068C1F8900018E0079840F2F872C2F27D
:107B70000002AC2100FB01211B980068C8620CE0E8
:107B8000079840F2F872C2F20002AC2100FB01211A
:107B90001B980068086300E0FFE75DE01198082883
:107BA00059D1FFE71B9800680990079840F2F872D6
:107BB000C2F20002AC2100FB0123186A18669DED99
:107BC000090A9FED261A80EE010A9FED251A20EE84
:107BD000010A9FED241A30EE010A079800FB0120EC
:107BE00090ED1E1A80EE010A80ED080A1B9880882D
:107BF000ADF82200BDF9220000EE100AB8EEC00A6E
:107C00009FED191A80EE010A9FED182A20EE020A54
:107C10009FED172A30EE020A079800FB012080ED45
:107C2000070A1B98C088ADF82000BDF9200000EEBF
:107C3000100AB8EEC00A80EE010A9FED0E1A20EE7F
:107C4000010A9FED0D1A30EE010A079800FB012092
:107C500080ED0A0AFFE7FFE714B070BD0000804F17
:107C600000409C4600401CC600FF7F470000964332
:107C7000000016C30000A042000020C200007042B5
:107C800080B586B005AA009282ED000A8DF8130037
:107C90008DF8121000200390029004208DF8070048
:107CA0009DF8130020B9FFE70F208DF8130006E0C0
:107CB0009DF81300072801D3FFE750E0FFE79DF888
:107CC0001200242805D0FFE79DF812002E2816D1B7
:107CD000FFE7009890ED000AF9F7E8FD00989DF89D
:107CE000131040F2F873C2F20003AC2211FB023110
:107CF00011ED0D1A20EE010A80ED000A21E09DF839
:107D00001200232805D0FFE79DF812000A2817D19A
:107D1000FFE700989DF8131040F2F873C2F20003D9
:107D2000AC2211FB023111ED0D1A9FED0E0A80EE0F
:107D3000011A90ED000A80EE010A80ED000AFFE7CB
:107D4000FFE7059802909DF813009DF8121040EA95
:107D500001109DF8071002AAFFF700FCFFE706B02C
:107D600080BD00BF0000704281B00090009808B94B
:107D7000FFE70BE000990020087000994870009917
:107D800048600099886000990861FFE701B070477A
:107D900081B00090009890F8400008B9FFE7FFE735
:107DA00001B0704783B0019001208DF803009DF869
:107DB000030030B9FFE740F28000C2F200000290F9
:107DC00005E040F2A810C2F200000290FFE702981E
:107DD00003B0704782B001908DF80310019801380C
:107DE0008DF8020001208DF801009DF801009DF83A
:107DF0000310401AB0FA80F0400902B0704700004A
:107E000080B584B002908DF807100298806820B188
:107E1000FFE700208DF80F0017E00298006800F0DF
:107E20000F000090009820B1FFE70098072804D3C6
:107E3000FFE700208DF80F0007E000989DF807107D
:107E4000FFF7C8FF8DF80F00FFE79DF80F0004B0A3
:107E500080BD000082B00090009820B9FFE70020AC
:107E60008DF8070007E0009890F8A10000F00100ED
:107E70008DF80700FFE79DF8070002B0704700008B
:107E800080B584B003908DF80B10039840780146BC
:107E90000191032800F2BB800199DFE801F0B731BE
:107EA0000232039890ED010A90ED111A30EE410A6A
:107EB00010EE100A03F066FC41EC100B9FED581B0E
:107EC00050EC111BC20F51EC100B62F3DF7141EC4F
:107ED000100B51EC100B9FED580B53EC102B03F0D3
:107EE00098FC60B9FFE7039890ED010A9DF80B003C
:107EF0002321FFF7C5FE039948684864FFE78AE03D
:107F000089E0039890F83400C00700285DD1FFE7AE
:107F1000039890ED020A90ED121A30EE410A10EE2D
:107F2000100A03F02FFC41EC100B9FED3D1B50ECB1
:107F3000111BC20F51EC100B62F3DF7141EC100BFF
:107F400051EC100B9FED380B53EC102B03F061FC40
:107F500060B9FFE7039988688864039890ED020A86
:107F60009DF80B002421FFF78BFE2DE0039890ED88
:107F7000020AB5EE400AF1EE10FA24D1FFE70398A9
:107F8000406A03F0FFFB41EC100B9FED251B50EC0A
:107F9000111BC20F51EC100B62F3DF7141EC100B9F
:107FA00051EC100B9FED220B53EC102B03F031FC26
:107FB00048B9FFE7039890ED020A9DF80B002421D1
:107FC000FFF75EFEFFE7FFE71FE0039890F835003C
:107FD000C007C8B1FFE7039890ED0E0A9DF80B00AB
:107FE0001821FFF74DFE039890F83C0000EE100AB0
:107FF000B8EE400A9DF80B000F21FFF741FE0399F0
:10800000002081F83500FFE7FFE704E003E0039973
:1080100000204870FFE704B080BD00BF00BF00BF74
:10802000000000000000000000000040E17A843FF2
:10803000000000000000E03F000000A09999B93F57
:1080400082B001908DED000A019808B9FFE710E0B9
:108050000199002081F8A000019981F8A1000199FF
:1080600001200870019903204870009801998860E8
:10807000FFE702B07047000081B00090009808B997
:10808000FFE721E0009890F8A000C00780B9FFE763
:108090000099012081F8A0000099002081F8A1003A
:1080A000009A116AC2F8A4100099A1F8A800FFE78D
:1080B0000099012008700099022048700099002062
:1080C000CBF680704860FFE701B070470020704732
:1080D00080B584B003908DF80B100398407801466A
:1080E00001910B2829D80199DFE801F0060708174C
:1080F00027272727271E272220E01FE0039890F834
:10810000A000C00708B1FFE703E003990020486022
:10811000FFE703990020486410E00399086A88602B
:108120000399086A886409E003990020087005E053
:108130000399002081F8400000E0FFE703984078B1
:1081400000EE100AB8EE400A9DF80B001F210091C6
:10815000FFF796FD00999DF80B00FFF7B9F904B001
:1081600080BD000081B08DF803009DF90300002858
:108170000ED4FFE79DF9031001F01F02012090408B
:108180004A094EF20011CEF2000141F82200FFE749
:1081900001B070474EF60C50CEF200000068C0F3FC
:1081A0000220704782B08DF8070000919DF907000A
:1081B00000280AD4FFE7009800019DF907104EF24D
:1081C0000042CEF2000288540BE0009800019DF8B6
:1081D000071001F00F014EF61452CEF2000288543F
:1081E000FFE702B07047000082B08DF807000091F1
:1081F0009DF9070000280AD4FFE7009800019DF9C7
:1082000007104EF20042CEF2000288540BE00098B4
:1082100000019DF8071001F00F014EF61452CEF246
:1082200000028854FFE702B07047000083B002905C
:10823000029800F0070000904EF60C51CEF20001BB
:108240000868019001984FF6FF02104001900198D4
:10825000009A40EA02200022C0F2FA521043019034
:108260000198086003B0704781B08DF803009DF855
:108270000300002818BF012001B0704782B040F60B
:108280000040C2F20000017A881E0091022804D347
:10829000FFE70098052804D1FFE701208DF80700CB
:1082A00004E0FFE700208DF80700FFE79DF80700D6
:1082B00002B0704740F60040C2F20000007AB0FA07
:1082C00080F040097047000080B582B00020019026
:1082D000FBF77CFEFEF7DEFBFDF752FDFDF7CEFC63
:1082E000FDF7A2FDFDF7ECFDFDF7BEFBFDF740FC41
:1082F000F8F74EF9F9F768F8012001F015FBF9F7E6
:108300007DFCFFF723FA40F2D020C2F2000040F2D9
:10831000F871C2F20001F8F7B3FBF8F7DDFEFEF7E3
:1083200011F9FEF787FA00F061F8FDF7F3FC00F0B1
:1083300081F8FFE7FEE7000080B584B00290EFF31C
:1083400005800390039820B1FFE76FF005000190CE
:1083500009E000200190029820B1FFE7029801F0A7
:1083600025FEFFE7FFE7019804B080BD80B586B029
:108370000490EFF305800590059820B1FFE76FF0BA
:10838000050001901BE00020019002F0A7FD039082
:1083900004980399401A0290029858B1FFE7029995
:1083A0000020B0EBD17F05D1FFE7029903A801F0CF
:1083B00035FE03E06FF003000190FFE7FFE701984F
:1083C00006B080BD80B582B0EFF3058001900198C2
:1083D00020B1FFE702F08CFD009003E002F07EFD8B
:1083E0000090FFE7009802B080BD000082B0EFF37C
:1083F00005800190019820B1FFE76FF00500009023
:1084000014E040F2AC60C2F20000006848B9FFE737
:1084100040F2AC61C2F2000101200860002000902F
:1084200003E04FF0FF300090FFE7FFE7009802B055
:108430007047000080B582B0EFF30580019001988D
:1084400020B1FFE76FF00500009019E040F2AC604A
:10845000C2F20000006801280DD1FFE7FEF702FB21
:1084600040F2AC61C2F200010220086001F0C6FED9
:108470000020009003E04FF0FF300090FFE7FFE79F
:10848000009802B080BD0000B0B58EB00B900A918C
:10849000099200200690EFF305800D900D980028BA
:1084A00040F09980FFE70B98002800F09480FFE7E8
:1084B0008020079018200590002008904FF0FF3092
:1084C0000490099800284DD0FFE70998006820B172
:1084D000FFE7099800680890FFE70998806920B1D4
:1084E000FFE7099880690590FFE7059848B1FFE725
:1084F0000598382805D8FFE709980079C00718B112
:10850000FFE700200C9069E00998406928B1FFE777
:108510000998406980080790FFE70998806880B152
:10852000FFE70998C0685C280BD3FFE7099800694A
:1085300038B1FFE70998406918B1FFE701200490BE
:108540000FE00998806858B9FFE70998C06838B902
:10855000FFE70998006918B9FFE700200490FFE7DA
:10856000FFE702E000200490FFE70498012817D1FC
:10857000FFE70B980899079A0A9BDDF814C0DDF80D
:1085800024E0DEF80850DEF81040EE46CEF8085041
:10859000CEF80440CEF800C002F01CFC069019E0B2
:1085A0000498B0B9FFE70B980899BDF81C200A9B06
:1085B000DDF814C0EE4606ACCEF80440CEF800C09C
:1085C00002F0B8FB012803D0FFE700200690FFE788
:1085D000FFE7FFE7FFE706980C90FFE70C980EB067
:1085E000B0BD000080B584B00390029145F6101034
:1085F000C2F200000068009041F28800C2F2000060
:108600000068043001F08AFA08B9FFE700E0FFE7EC
:108610000398013080B9FFE7029868B1FFE741F2A3
:108620008800C2F200000068011D45F6E800C2F2B1
:10863000000001F019FB3DE0009803990844019007
:10864000019841F28801C2F200010968486001986E
:10865000009988420ED2FFE741F29800C2F2000072
:10866000006841F28801C2F200010968043101F09A
:10867000C5FA1EE041F29000C2F20000006841F22B
:108680008801C2F200010968043101F0B7FA0198CB
:1086900045F67401C2F200010968884207D2FFE77B
:1086A000019845F67401C2F20001086000E0FFE79E
:1086B000FFE7FFE704B080BD80B582B0019001F014
:1086C000FBFA45F24811C2F2000108680130086067
:1086D00041F28800C2F20000006898B9FFE70198F3
:1086E00041F28801C2F20001086045F24810C2F26E
:1086F00000000068012803D1FFE700F0F7FA00E06E
:10870000FFE71CE045F6DC00C2F200000068A0B9FB
:10871000FFE741F28800C2F200000068C06A0199D8
:10872000C96A884207D8FFE7019841F28801C2F27E
:108730000001086000E0FFE700E0FFE7FFE745F227
:108740005410C2F200000168013101600068019913
:1087500048640198C06A45F25811C2F200010968E4
:10876000884208D9FFE70198C06A45F25811C2F261
:1087700000010860FFE70199C86A00EB800241F23E
:10878000A000C2F2000000EB8200043101F06CFA9C
:1087900001F0BEFA45F6DC00C2F200000068C8B184
:1087A000FFE741F28800C2F200000068C06A019948
:1087B000C96A88420CD2FFE74EF60451CEF200019E
:1087C0004FF080500860BFF34F8FBFF36F8F00E012
:1087D000FFE700E0FFE702B080BD000080B584B095
:1087E00001F06AFA45F61410C2F200000068002891
:1087F00040D1FFE745F61400C2F20000029001F0FC
:10880000DDF945F62800C2F20000039001F0D6F928
:108810000299039841F28C02C2F20002116041F207
:108820009C01C2F20001086069460020086040F621
:108830009272C2F2000241F23403C2F200030A2033
:10884000102101F081FE014645F61410C2F200002D
:108850000160006860B1FFE745F61410C2F2000045
:1088600000684BF6B411C0F6000101F043FB00E0D4
:10887000FFE700E0FFE701F04BFA04B080BD000025
:1088800080B582B0FFE745F24C10C2F200000068EC
:1088900008B3FFE701F010FA45F6FC00C2F2000051
:1088A000C068C06801900198043001F037F945F2C2
:1088B0004811C2F2000108680138086045F24C1105
:1088C000C2F2000108680138086001F021FA01983D
:1088D00000F08CF8D7E702B080BD000080B582B010
:1088E000019000910198006CB8B1FFE70199C86848
:1088F0000A6C1044C86001988168C068884204D33B
:10890000FFE701990868C86000E0FFE70098019A56
:10891000D168126CF7F720FDFFE702B080BD0000C0
:1089200080B586B0059004910392002002900598CE
:10893000806B01900598006C78B9FFE70598006896
:1089400048B9FFE70598806802F0C4FB02900599DA
:108950000020886000E0FFE741E00398B8B9FFE736
:10896000059A04995068126CF7F7F6FC0599486867
:108970000A6C10444860059948688968884204D3A5
:10898000FFE705990868486000E0FFE726E0059AE0
:108990000499D068126CF7F7DFFC0599C8680A6C77
:1089A000801AC86005980168C068884206D2FFE74F
:1089B000059988680A6C801AC86000E0FFE7039890
:1089C000022809D1FFE7019820B1FFE7019801389B
:1089D000019000E0FFE700E0FFE7FFE7FFE7019815
:1089E000013005998863029806B080BD80B582B0D9
:1089F0000090009890F8590040B9FFE70098006B8C
:108A000001F0ACF9009801F0A9F91CE0009890F889
:108A10005900012804D1FFE7009801F09FF911E007
:108A2000009890F8590002280BD0FFE74FF0500053
:108A300080F31188BFF36F8FBFF34F8F0190FFE773
:108A4000FEE7FFE7FFE702B080BD000082B00190C3
:108A500041F28C00C2F2000000680068B0FA80F0B9
:108A60004009019908600198006848B9FFE741F2A0
:108A70008C00C2F200000068C0680068009002E04C
:108A800000200090FFE7009802B0704784B04FF4D8
:108A90007050009041F23E50C2F2000001909DF8EB
:108AA0000400400788B1FFE7019807300190019862
:108AB00020F007000190019A41F23E51C2F20001FC
:108AC0000098891A08440090FFE7019802900299E3
:108AD00045F6E000C2F2000001600021416002980A
:108AE000009A10440190019808380190019820F0F4
:108AF00007000190019A41F29400C2F20000026066
:108B00000268516002681160029903910199039A09
:108B1000891A51600068039908600398406845F617
:108B20007001C2F2000108600398406845F66801D0
:108B3000C2F20001086045F63C01C2F200014FF0AC
:108B40000040086004B0704780B582B00190FFE734
:108B5000FFF796FE41F2A000C2F200000068022872
:108B60000CD3FFE74EF60451CEF200014FF08050D7
:108B70000860BFF34F8FBFF36F8F00E0FFE7E7E7B9
:108B800080B584B0DDF818C00390029101928DF891
:108B90000330029818B9FFE70698006003E00198D7
:108BA00006990860FFE703980699C863029806993A
:108BB00008640698012101F04FFD9DF80300069915
:108BC00081F84C0004B080BD80B588B0DDF834C0B9
:108BD000DDF830C0DDF82CC0DDF828C00690059126
:108BE000049203930C98006B04998900A522F7F76F
:108BF000F8FB0C98006B049900EB8100043802909C
:108C0000029820F0070002909DF80800400758B134
:108C1000FFE74FF0500080F31188BFF36F8FBFF371
:108C20004F8F0790FFE7FEE70598F8B1FFE70020B8
:108C30000190FFE701980F2813D8FFE70598019AE4
:108C4000805C0C99114481F8340005980199405CCE
:108C500008B9FFE705E0FFE7FFE701980130019061
:108C6000E8E70C99002081F8430004E00C9900200B
:108C700081F83400FFE70A98382803D3FFE737204C
:108C80000A9000E0FFE70A980C99C8620A980C99CC
:108C9000C8640C990020009008650C98043000F01E
:108CA000A5FF0C98183000F0A1FF00980C990961FD
:108CB0000A99C1F138010C9A91610C9949620C9999
:108CC00048650C9981F8580002980699039A00F0BB
:108CD000D1FC0C9908600B9820B1FFE70C980B9918
:108CE000086000E0FFE708B080BD000080B584B0F8
:108CF00000200390FFE70398372810D8FFE7039878
:108D000000EB800141F2A000C2F2000000EB810004
:108D100000F054FFFFE7039801300390EBE745F6BE
:108D20004000C2F20000019000F048FF45F65400F8
:108D3000C2F20000029000F041FF45F68800C2F246
:108D4000000000F03BFF45F6FC00C2F2000000F01E
:108D500035FF45F6E800C2F2000000F02FFF019950
:108D6000029841F29002C2F20002116041F29801B1
:108D7000C2F20001086004B080BD000083B0029020
:108D800045F6E000C2F200000190FFE7019800689C
:108D90000299884205D2FFE7FFE701980068019039
:108DA000F4E70198009000980199496808440299F5
:108DB000884209D1FFE70298426801994868104447
:108DC00048600198029000E0FFE702980090009848
:108DD00002994968084401990968884220D1FFE74F
:108DE0000198006841F29401C2F2000109688842CA
:108DF0000DD0FFE701980068426802994868104466
:108E000048600198006800680299086007E041F234
:108E10009400C2F20000006802990860FFE704E0D5
:108E20000198006802990860FFE70198029988425A
:108E300004D0FFE702980199086000E0FFE703B063
:108E40007047000080B586B00590049103920293AC
:108E500000200190049805994860059800610498E5
:108E60000399884216D8FFE703980299401A05999A
:108E70008969884203D3FFE70120019009E041F2AC
:108E80009C00C2F2000000680599043100F0B6FEB3
:108E9000FFE717E003980299884208D2FFE7049899
:108EA0000299884203D3FFE70120019009E041F2D3
:108EB0008C00C2F2000000680599043100F09EFEAB
:108EC000FFE7FFE7019806B080BD000080B582B0E3
:108ED000019000F0F1FE0198806B18B9FFE70120C6
:108EE000009002E000200090FFE700F011FF0098E2
:108EF00002B080BD80B582B0019000F0DDFE019827
:108F0000806B0199C96B884203D1FFE70120009073
:108F100002E000200090FFE700F0FAFE009802B0A7
:108F200080BD000008480068006880F308884FF0A2
:108F3000000080F3148862B661B6BFF34F8FBFF3B1
:108F40006F8F00DF00BF000008ED00E080B586B045
:108F50000490039141F28C00C2F200000068C068E6
:108F6000C06801900198043000F0D8FD019890F895
:108F700028004007002823D5FFE70198049B81695A
:108F80001944039AFFF75EFFC0B1FFE70198049A06
:108F9000694600230B60194602F088FA0290029895
:108FA00058B9FFE74FF0500080F31188BFF36F8F7F
:108FB000BFF34F8F0590FFE7FEE700E0FFE707E014
:108FC000019991F8280000F0FE0081F82800FFE7E1
:108FD0000198016A884706B080BD000080B58EB058
:108FE000FFE745F61410C2F20000006807A900224E
:108FF00001F04CFD002800F0B880FFE70798B0F1C1
:10900000FF3F17DCFFE707A804300290029858B929
:10901000FFE74FF0500080F31188BFF36F8FBFF36D
:109020004F8F0D90FFE7FEE702990A68486889684C
:10903000904700E0FFE70798002800F19580FFE7E0
:10904000099806900698406928B1FFE70698043011
:1090500000F064FD00E0FFE705A800F0FBF80390D6
:1090600007980190092800F27D800199DFE801F05E
:109070000505053D456605053D45069991F828001D
:1090800040F0010081F828000698089B8169194486
:10909000039AFFF7D7FE30B3FFE70698016A8847C7
:1090A000069890F82800400700281AD5FFE7069890
:1090B000089982690A44694600230B60194602F048
:1090C000F5F90490049858B9FFE74FF0500080F389
:1090D0001188BFF36F8FBFF34F8F0C90FFE7FEE750
:1090E00000E0FFE700E0FFE73DE0069991F8280087
:1090F00000F0FE0081F8280035E0069991F828007C
:1091000040F0010081F828000898069988610698C7
:10911000806958B9FFE74FF0500080F31188BFF322
:109120006F8FBFF34F8F0B90FFE7FEE70698039B0F
:10913000816919441A46FFF785FE14E0069890F8F5
:1091400028008007002804D4FFE7069800F006FEF8
:1091500007E0069991F8280000F0FE0081F8280049
:10916000FFE700E0FFE7FFE73BE70EB080BD000050
:1091700080B584B00390029101F0B0F8684600F029
:1091800069F801900098D8BBFFE7029860B9FFE743
:1091900003980199884207D8FFE702F079F803980D
:1091A0000199FFF7D3FE2AE0029858B1FFE741F298
:1091B0009C00C2F2000000680068B0FA80F040092C
:1091C0000290FFE745F61410C2F200000068039910
:1091D000019A891A029A00F0B7FE02F059F860B9B4
:1091E000FFE74EF60451CEF200014FF080500860C8
:1091F000BFF34F8FBFF36F8F00E0FFE7FFE702E0A1
:1092000002F046F8FFE704B080BD000081B041F2F3
:109210009000C2F200000068006840B9FFE745F620
:109220007401C2F200014FF0FF3008600FE041F21C
:109230009000C2F200000068C068C068009000980A
:10924000406845F67401C2F200010860FFE701B012
:109250007047000080B582B0019001F03FFE0090A1
:10926000009841F28401C2F200010968884206D2E6
:10927000FFE700F011F801990120086003E001996F
:1092800000200860FFE7009841F28401C2F200016B
:109290000860009802B080BD80B588B0FFE741F259
:1092A0008C00C2F200000068006800284ED0FFE782
:1092B00041F28C00C2F200000168C9680968069199
:1092C0000068C068C06803900398043000F026FC72
:1092D0000398016A8847039890F8280040070028FF
:1092E00032D5FFE7069803998969084405900598E7
:1092F000069988420FD9FFE70598039948600398BB
:10930000006141F28C00C2F2000000680399043150
:1093100000F074FC17E00398069A694600230B607E
:10932000194602F0C3F80290029858B9FFE74FF0CF
:10933000500080F31188BFF36F8FBFF34F8F0790FA
:10934000FFE7FEE7FFE700E0FFE7A8E741F28C0256
:10935000C2F200021068049041F29C01C2F20001C6
:10936000086810600498086008B080BD83B00020D1
:10937000009040F20C00C2F200000068013058B1C9
:10938000FFE74FF0500080F31188BFF36F8FBFF3FA
:109390004F8F0290FFE7FEE74FF0500080F31188F7
:1093A000BFF36F8FBFF34F8F0190FFE7009808B9AD
:1093B000FFE7FBE703B0704780B584B00390FFE799
:1093C00001A8FFF743FB029002980199FFF7D0FE36
:1093D000FFF704FEF4E7000080B582B0019000F0D2
:1093E0006BFC019890F845008DF80300FFE79DF9AC
:1093F0000300012816DBFFE70198406A58B1FFE738
:109400000198243001F0DCFE18B1FFE700F0A2FE65
:1094100000E0FFE700E005E09DF8030001388DF86B
:109420000300E4E70199FF2081F8450000F070FC9B
:1094300000F042FC019890F844008DF80200FFE72C
:109440009DF90200012816DBFFE70198006980B151
:10945000FFE70198103001F0B3FE18B1FFE700F00C
:1094600079FE00E0FFE79DF8020001388DF8020068
:1094700000E000E0E4E70199FF2081F8440000F0FB
:1094800047FC02B080BD000080B58AB00690002085
:10949000029000F023FF41F29400C2F20000006845
:1094A00018B9FFE7FFF7F2FA00E0FFE7069845F684
:1094B0003C01C2F200010968084240F0C580FFE7A4
:1094C000069800B3FFE70698083006909DF818004C
:1094D0004007B0B1FFE7069820F00700083006907B
:1094E0009DF81800400758B1FFE74FF0500080F397
:1094F0001188BFF36F8FBFF34F8F0990FFE7FEE72F
:1095000000E0FFE700E0FFE70698002800F09A80FF
:10951000FFE7069845F66801C2F200010968884233
:1095200000F29080FFE745F6E000C2F200000490F0
:1095300000680590FFE705984168069A002091426F
:10954000019007D2FFE705980068002818BF0120A6
:109550000190FFE70198C00730B1FFE7059804903C
:10956000059800680590E6E7059841F29401C2F27B
:1095700000010968884263D0FFE70498006808305A
:10958000029005980068049908600598406806995B
:10959000401A112821D3FFE7059806990844039043
:1095A0009DF80C00400758B1FFE74FF0500080F3E2
:1095B0001188BFF36F8FBFF34F8F0890FFE7FEE76F
:1095C000059840680699401A0399486006980599DD
:1095D00048600398FFF7D2FB00E0FFE70598426878
:1095E00045F66800C2F200000168891A016000684F
:1095F00045F67001C2F20001096888420BD2FFE70C
:1096000045F66800C2F20000006845F67001C2F23B
:109610000001086000E0FFE745F63C00C2F20000F0
:109620000268059948681043486005990020086061
:1096300045F67C01C2F2000108680130086000E0D4
:10964000FFE700E0FFE700E0FFE701F021FE9DF803
:109650000800400758B1FFE74FF0500080F3118831
:10966000BFF36F8FBFF34F8F0790FFE7FEE70298BE
:109670000AB080BD83B00290019100920298043834
:10968000029002994FF080700860029804380290AE
:10969000019820F0010002990860029804380290B5
:1096A000029949F26D30C0F6000008600298143843
:1096B000029000980299086002980438029002997A
:1096C0006FF002000860029820380290029803B000
:1096D0007047000080B584B0039002910298007832
:1096E0000399097A884201D1FFE740E002980078A7
:1096F0000399087200200190FFE70198032829DCF4
:10970000FFE7029800780007002807D5FFE70399D4
:10971000086889880122FAF72DFC06E00399086899
:1097200089880022FAF726FCFFE7029908784000B2
:10973000087003990868C9880122FAF71BFC03998D
:109740000868C9880022FAF715FCFFE70198013084
:109750000190D2E703990868C9880122FAF70AFC48
:1097600003990868C9880022FAF704FCFFE704B0EF
:1097700080BD000080B586B084460898CDF814C03E
:109780000491039202938DF80700049904208860E5
:1097900004980021C1609DF8070040F20012C0F259
:1097A00001521043049A5060049A02201061049AF6
:1097B0001175039908709DF8070003994870049982
:1097C000039A029B40F65840C2F20000F8F7E6FF09
:1097D00006B080BD80B586B084460898CDF814C028
:1097E0000491039202938DF8070004990420886085
:1097F00004980021C1609DF8070040F20012C0F2F9
:1098000001521043049A5060049A02201061049A95
:109810001175039908709DF8070003994870049921
:10982000039A029B40F65840C2F20000F8F7B6FFD8
:1098300006B080BD80B586B084460898CDF814C0C7
:109840000491039202938DF8070004990420886024
:1098500004990020C8609DF8071040F20012C0F281
:1098600001521143049A5160049A02211161049932
:1098700008750399012008709DF807000399487046
:1098800005980499039A029BF8F788FFB0FA80F0D4
:10989000400906B080BD000080B586B084460898B7
:1098A000CDF814C00491039202938DF80700049937
:1098B0000420886004990020C8609DF8071040F2D9
:1098C0000012C0F201521143049A5160049A02211D
:1098D000116104990875039908709DF807000399B0
:1098E00048700499039A029B40F65840C2F2000067
:1098F000F8F754FF06B080BD83B002900191ADF837
:109900000220ADF80030019802990860BDF802000D
:1099100002998880BDF800000299C8800299F02061
:10992000087203B07047000080B594B08DF84F0006
:1099300000201290119010900F900E909DF84F0003
:1099400001460A91012808D0FFE70A98022839D079
:10995000FFE70A98032867D09DE041F21450C2F255
:1099600000000021C4F202014FF400724FF4806342
:10997000FFF7C2FFFFE700200D9043F63000C4F26E
:109980000200016841F001010160006800F001007F
:109990000D900D98FFE70020C4F2020009904FF4EB
:1099A000C061079100220892FAF7E4FA0799089A31
:1099B00009980E9101210F91109211910EA9FAF7B9
:1099C000FDF869E041F22050C2F200000021C4F22B
:1099D000020104220823FFF78FFFFFE700200C900D
:1099E00043F63000C4F20200016841F00101016059
:1099F000006800F001000C900C98FFE70020C4F212
:109A0000020006900C21049100220592FAF7B2FAA6
:109A10000499059A06980E9101210F9110921191C7
:109A20000EA9FAF7CBF837E041F22C50C2F2000051
:109A300040F60001C4F202014FF480624FF400636B
:109A4000FFF75AFFFFE700200B9043F63000C4F207
:109A50000200016841F004010160006800F00400A8
:109A60000B900B98FFE740F60000C4F20200039051
:109A70004FF44061019100220292FAF77BFA0199BA
:109A8000029A03980E9101210F91109211910EA943
:109A9000FAF794F800E0FFE79DF84F00002100F08E
:109AA00003F814B080BD000080B582B08DF80700C7
:109AB0008DF806109DF8060000F00F008DF80500E7
:109AC0009DF8070001460091012808D0FFE70098A3
:109AD00002280DD0FFE70098032812D01AE041F2C7
:109AE0001450C2F200000DF10501FFF7F3FD12E082
:109AF00041F22050C2F200000DF10501FFF7EAFD2E
:109B000009E041F22C50C2F200000DF10501FFF70F
:109B1000E1FD00E0FFE702B080BD000082B00190EF
:109B200001980069009001984168806888600199F7
:109B3000486889684860009840680199884205D162
:109B4000FFE7019880680099486000E0FFE701990D
:109B500000200861009908680138086000980068D2
:109B600002B0704783B0029001910092029945F2D1
:109B70005C30C2F200000860019945F25C10C2F24C
:109B80000000086000998020086003B07047000062
:109B900083B0029001910092029945F2B870C2F22E
:109BA00000000860019945F2B830C2F20000086078
:109BB00000994FF48070086003B0704781B0009046
:109BC000009901F10800486000994FF0FF3088606B
:109BD000009901F10800C860009901F108000861CE
:109BE00000990020086001B07047000081B000902B
:109BF00000990020086101B07047000084B0039014
:109C000002910298006800900098013020B9FFE7A7
:109C100003980069019010E0039808300190FFE775
:109C20000198406800680099884205D8FFE7FFE77F
:109C3000019840680190F3E7FFE7019840680299B6
:109C4000486002984168886001980299886002988B
:109C500001994860039802990861039908680130E6
:109C6000086004B07047000083B002900191029830
:109C700040680090009801994860009880680199B8
:109C80008860019800998968486001980099886007
:109C9000029801990861029908680130086003B0D0
:109CA00070470000DFF80C00016841F470010160AA
:109CB0007047000088ED00E082B04FF0500080F364
:109CC0001188BFF36F8FBFF34F8F019040F20C00EC
:109CD000C2F200000168013101600068012814D15E
:109CE000FFE74EF60450CEF200000068000658B1BF
:109CF000FFE74FF0500080F31188BFF36F8FBFF381
:109D00004F8F0090FFE7FEE7FFE702B070470000CB
:109D100082B040F20C00C2F20000006858B9FFE7C0
:109D20004FF0500080F31188BFF36F8FBFF34F8F58
:109D30000090FFE7FEE740F20C00C2F2000001686D
:109D400001390160006830B9FFE7002001900198F7
:109D500080F31188FFE702B07047000080B586B03D
:109D6000039003980290039800285CD0FFE70298C4
:109D700008380290029801900198406845F63C012D
:109D8000C2F20001096808420BD1FFE74FF0500012
:109D900080F31188BFF36F8FBFF34F8F0590FFE7FC
:109DA000FEE70198006858B1FFE74FF0500080F3DC
:109DB0001188BFF36F8FBFF34F8F0490FFE7FEE76B
:109DC0000198406845F63C01C2F20001096808426A
:109DD00027D0FFE70198006808BBFFE745F63C0085
:109DE000C2F200000268019948689043486000F0A0
:109DF00075FA0198426845F66801C2F200010868E8
:109E0000104408600198FEF7B9FF45F68001C2F2E0
:109E1000000108680130086001F03AFA00E0FFE74D
:109E200000E0FFE7FFE706B080BD00004EF2100142
:109E3000CEF20001002008604EF21802CEF20002BD
:109E4000106040F20000C2F20000006844F6D352F5
:109E5000C1F26202A0FB02024FF0FF3000EB921051
:109E60004EF21402CEF20002106007200860704724
:109E700084B0EFF305800190019810281ED3FFE70E
:109E800001984EF2F031CEF20001405C8DF80300F3
:109E90009DF8030045F23E11C2F2000109788842A4
:109EA0000BDAFFE74FF0500080F31188BFF36F8F9C
:109EB000BFF34F8F0390FFE7FEE7FFE74EF60C502E
:109EC000CEF20000006800F4E06045F24011C2F2FA
:109ED0000001096888420BD9FFE74FF0500080F37A
:109EE0001188BFF36F8FBFF34F8F0290FFE7FEE73C
:109EF00004B0704783B00290019100200090FFE70A
:109F0000009807281DD8FFE7009945F69C00C2F28B
:109F1000000050F8310070B9FFE70198009A45F64B
:109F20009C01C2F2000141F832000298009A01EB54
:109F3000C201486005E0FFE7FFE7009801300090AC
:109F4000DEE703B07047000080B584B00390029153
:109F5000019203980090FFF7AFFE009890F944003B
:109F6000013028B9FFE70099002081F84400FFE79D
:109F7000009890F94500013028B9FFE700990020CA
:109F800081F84500FFE7FFF7C3FE0098806B38B902
:109F9000FFE7009824300299019A00F005F900E0EB
:109FA000FFE70098FFF718FA04B080BD80B584B0D1
:109FB0000290002001900298E0B1FFE745F25010B6
:109FC000C2F20000006858B1FFE74FF0500080F384
:109FD0001188BFF36F8FBFF34F8F0390FFE7FEE74A
:109FE00000F07CF902980021FEF7FCFA01F050F92C
:109FF000019000E0FFE7019860B9FFE74EF60451D9
:10A00000CEF200014FF080500860BFF34F8FBFF3D6
:10A010006F8F00E0FFE704B080BD000080B58AB01C
:10A020000690059100200290069858B9FFE74FF07E
:10A03000500080F31188BFF36F8FBFF34F8F0990EB
:10A04000FFE7FEE7059858B9FFE74FF0500080F3AF
:10A050001188BFF36F8FBFF34F8F0890FFE7FEE7C4
:10A0600045F25010C2F20000006858B1FFE74FF00F
:10A07000500080F31188BFF36F8FBFF34F8F0790AD
:10A08000FFE7FEE700F02AF945F61010C2F20000E3
:10A0900000680190069800680599084404900198AA
:10A0A00006990968884210D2FFE704980699096862
:10A0B000884208D2FFE704980199884203D9FFE754
:10A0C0000120029000E0FFE70FE00498069909687C
:10A0D000884205D3FFE704980199884203D9FFE736
:10A0E0000120029000E0FFE7FFE70498069908606E
:10A0F000029838B1FFE704980199401A0021FEF751
:10A1000071FA00E0FFE701F0C3F80390039860B92B
:10A11000FFE74EF60451CEF200014FF08050086088
:10A12000BFF34F8FBFF36F8F00E0FFE70AB080BD32
:10A1300081B0009045F67800C2F2000000680099F6
:10A14000086045F61010C2F20000006800994860EF
:10A1500001B0704745F61C11C2F2000101200860F1
:10A160007047000080B584B002900191029858B900
:10A17000FFE74FF0500080F31188BFF36F8FBFF3FC
:10A180004F8F0390FFE7FEE7029841F28801C2F289
:10A19000000109681831FFF731FD01980121FEF730
:10A1A00021FA04B080BD000080B584B00290019116
:10A1B0000092029858B9FFE74FF0500080F31188E1
:10A1C000BFF36F8FBFF34F8F0390FFE7FEE7029857
:10A1D00041F28801C2F2000109681831FFF744FD1D
:10A1E000009820B1FFE74FF0FF300190FFE70198A2
:10A1F0000099FEF7F7F904B080BD000080B58AB081
:10A20000002003900690059006A805A904AAFFF770
:10A21000A9FC039B049A0599DDF818C06846C0F8AC
:10A2200008C04160036048F64930C0F600004BF6B4
:10A23000AF11C0F6000100F0CDFD014645F66C00FF
:10A24000C2F200000160006818B1FFE7012007902A
:10A2500002E000200790FFE70798012804D1FFE7FC
:10A2600001F0DAF8079000E0FFE70798012823D112
:10A27000FFE74FF0500080F31188BFF36F8FBFF3FB
:10A280004F8F099045F67401C2F200014FF0FF3084
:10A29000086045F6DC01C2F200010120086045F6C5
:10A2A0001011C2F200010020086000F083F808B12C
:10A2B000FFE700E0FFE70FE00798013058B9FFE73C
:10A2C0004FF0500080F31188BFF36F8FBFF34F8FB3
:10A2D0000890FFE7FEE7FFE70AB080BD45F25011A6
:10A2E000C2F20001086801300860704783B045F28F
:10A2F0005010C2F20000006838B1FFE745F61C11AB
:10A30000C2F200010120086051E045F61C11C2F2C2
:10A3100000010020086045F25810C2F200000068F9
:10A320000190FFE7019800EB800141F2A000C2F22A
:10A33000000050F8210090B9FFE7019858B9FFE7F5
:10A340004FF0500080F31188BFF36F8FBFF34F8F32
:10A350000290FFE7FEE7019801380190E2E70198DB
:10A3600000EB800141F2A000C2F2000000EB81008E
:10A370000090009948684068486000994868083132
:10A38000884205D1FFE70099486840684860FFE7C8
:10A3900000984068C06841F28801C2F2000108607C
:10A3A000019845F25811C2F200010860FFE703B0BE
:10A3B0007047000080B588B04EF60050CEF2000025
:10A3C00000684CF27121C4F20F1188420BD1FFE7F3
:10A3D0004FF0500080F31188BFF36F8FBFF34F8FA2
:10A3E0000790FFE7FEE74EF60050CEF2000000684F
:10A3F0004CF27021C4F20F1188420BD1FFE74FF0ED
:10A40000500080F31188BFF36F8FBFF34F8F06901A
:10A41000FFE7FEE74EF20040CEF200000390017825
:10A420000491FF21017000788DF80B009DF80B005E
:10A4300000F0500045F23E11C2F20001087045F2F2
:10A440004011C2F2000107200860FFE79DF80B00F1
:10A45000000600280DD5FFE745F24011C2F20001C9
:10A460000868013808609DF80B0040008DF80B006B
:10A47000ECE745F24010C2F20000006803280BD060
:10A48000FFE74FF0500080F31188BFF36F8FBFF3E9
:10A490004F8F0590FFE7FEE745F24011C2F2000141
:10A4A000086800020860086800F4E060086004982A
:10A4B0004EF20041CEF2000108704EF62051CEF26D
:10A4C0000001086840F470000860086840F07040BF
:10A4D0000860FFF7ABFC40F20C01C2F20001002063
:10A4E00001900860FFF7DEFB4EF63471CEF20001FA
:10A4F000086840F040400860FEF714FDFFF7F6FEE4
:10A50000FEF734FF019808B080BD000080B582B02E
:10A510004FF0500080F31188BFF36F8FBFF34F8F60
:10A52000009000F0F5FC40B1FFE74EF60451CEF28A
:10A5300000014FF080500860FFE700200190019873
:10A5400080F3118802B080BD80B590B08446129827
:10A55000CDF828C00991089207938DF81B000A983E
:10A5600058B9FFE74FF0500080F31188BFF36F8FA9
:10A57000BFF34F8F0F90FFE7FEE7079858B9FFE74B
:10A580004FF0500080F31188BFF36F8FBFF34F8FF0
:10A590000E90FFE7FEE708990020039031B1FFE736
:10A5A0000998B0FA80F040090390FFE70398C007CC
:10A5B00058B1FFE74FF0500080F31188BFF36F8F61
:10A5C000BFF34F8F0D90FFE7FEE708990020029040
:10A5D00031B9FFE70998002818BF01200290FFE772
:10A5E0000298C00758B1FFE74FF0500080F3118880
:10A5F000BFF36F8FBFF34F8F0C90FFE7FEE7502044
:10A600000490049850280BD0FFE74FF0500080F3DF
:10A610001188BFF36F8FBFF34F8F0B90FFE7FEE7FB
:10A62000049807980590059888B1FFE705990120DF
:10A6300081F846000A980999089A9DF81B30DDF8C0
:10A6400014C0EE46CEF800C0FEF79AFA00E0FFE72D
:10A65000059810B080BD000080B584B002900191D3
:10A6600002980090009858B9FFE74FF0500080F32F
:10A670001188BFF36F8FBFF34F8F0390FFE7FEE7A3
:10A68000FFF71AFB00990B68C86B0A6C00FB0230DD
:10A6900088600099002088630099086848600099E4
:10A6A0000B68C86B0A6C013800FB0230C860009967
:10A6B000FF2081F84400009981F845000198D0B945
:10A6C000FFE700980069A0B1FFE70098103000F0A4
:10A6D00077FD60B1FFE74EF60451CEF200014FF076
:10A6E00080500860BFF34F8FBFF36F8F00E0FFE72C
:10A6F00000E0FFE708E000981030FFF75FFA0098ED
:10A700002430FFF75BFAFFE7FFF702FB012004B0FC
:10A7100080BD000080B592B00C900B910A92099315
:10A72000002008900C980490049858B9FFE74FF067
:10A73000500080F31188BFF36F8FBFF34F8F1190DC
:10A74000FFE7FEE70B990020039039B9FFE7049873
:10A75000006C002818BF01200390FFE70398C00792
:10A7600058B1FFE74FF0500080F31188BFF36F8FAF
:10A77000BFF34F8F1090FFE7FEE7099900200229F1
:10A78000029007D1FFE70498C06B013818BF012081
:10A790000290FFE70298C00758B1FFE74FF0500062
:10A7A00080F31188BFF36F8FBFF34F8F0F90FFE7D8
:10A7B000FEE700F077FB01460020019031B9FFE78A
:10A7C0000A98002818BF01200190FFE70198C007F0
:10A7D00058B1FFE74FF0500080F31188BFF36F8F3F
:10A7E000BFF34F8F0E90FFE7FEE7FFE7FFF764FA36
:10A7F0000498806B0499C96B884204D3FFE70998D9
:10A80000022834D1FFE704980B99099AFEF788F8DB
:10A8100007900498406AA0B1FFE70498243000F044
:10A82000CFFC60B1FFE74EF60451CEF200014FF0CD
:10A8300080500860BFF34F8FBFF36F8F00E0FFE7DA
:10A8400010E0079860B1FFE74EF60451CEF2000128
:10A850004FF080500860BFF34F8FBFF36F8F00E061
:10A86000FFE7FFE7FFF754FA01200D9065E00A9833
:10A8700028B9FFE7FFF74CFA00200D905DE008983B
:10A8800030B9FFE705A8FFF753FC0120089000E06E
:10A89000FFE7FFE7FFE7FFF73BFAFFF71FFDFFF7D3
:10A8A0000BFA049890F94400013028B9FFE70499A5
:10A8B000002081F84400FFE7049890F9450001303A
:10A8C00028B9FFE70499002081F84500FFE7FFF76A
:10A8D0001FFA05A80AA900F0C7F928BBFFE70498EA
:10A8E000FEF708FBC8B1FFE7049810300A99FFF79C
:10A8F00039FC0498FEF770FD00F0CAFC60B9FFE770
:10A900004EF60451CEF200014FF080500860BFF3C4
:10A910004F8FBFF36F8FFFE705E00498FEF75CFDF4
:10A9200000F0B6FCFFE707E00498FEF755FD00F0E5
:10A93000AFFC00200D9000E058E70D9812B080BDEC
:10A9400080B592B00B900A91099208930B980590EC
:10A95000059858B9FFE74FF0500080F31188BFF316
:10A960006F8FBFF34F8F0E90FFE7FEE70A9900202D
:10A97000029039B9FFE70598006C002818BF012044
:10A980000290FFE70298C00758B1FFE74FF0500070
:10A9900080F31188BFF36F8FBFF34F8F0D90FFE7E8
:10A9A000FEE7089900200229019007D1FFE70598EA
:10A9B000C06B013818BF01200190FFE70198C00764
:10A9C00058B1FFE74FF0500080F31188BFF36F8F4D
:10A9D000BFF34F8F0C90FFE7FEE7FFF749FAEFF365
:10A9E00011814FF0500080F31188BFF36F8FBFF3D8
:10A9F0004F8F10910F90109806900598806B0599D5
:10AA0000C96B884204D3FFE70898022833D1FFE7D7
:10AA1000059890F845008DF813000598806B039019
:10AA200005980A99089AFDF77BFF9DF913000130FC
:10AA3000B8B9FFE70598406A88B1FFE70598243068
:10AA400000F0BEFB48B1FFE7099820B1FFE7099984
:10AA50000120086000E0FFE700E0FFE700E0FFE71B
:10AA600006E09DF813000130059981F84500FFE7E5
:10AA70000120079002E000200790FFE70698119060
:10AA8000119880F31188079812B080BD80B58EB000
:10AA90000990089107920020069009980390039866
:10AAA00058B9FFE74FF0500080F31188BFF36F8F64
:10AAB000BFF34F8F0D90FFE7FEE70899002001904C
:10AAC00039B9FFE70398006C002818BF01200190F6
:10AAD000FFE70198C00758B1FFE74FF0500080F33F
:10AAE0001188BFF36F8FBFF34F8F0C90FFE7FEE726
:10AAF00000F0D8F901460020009031B9FFE707982F
:10AB0000002818BF01200090FFE70098C00758B147
:10AB1000FFE74FF0500080F31188BFF36F8FBFF352
:10AB20004F8F0B90FFE7FEE7FFE7FFF7C5F80398AD
:10AB3000806B0290029830B3FFE703980899FDF705
:10AB4000CDFE029801380399886303980069A0B18B
:10AB5000FFE70398103000F033FB60B1FFE74EF6DB
:10AB60000451CEF200014FF080500860BFF34F8FC8
:10AB7000BFF36F8F00E0FFE700E0FFE7FFF7C8F8E3
:10AB800001200A906DE0079828B9FFE7FFF7C0F8A9
:10AB900000200A9065E0069830B9FFE704A8FFF7A7
:10ABA000C7FA0120069000E0FFE7FFE7FFE7FFF7A5
:10ABB000AFF8FFF793FBFFF77FF8039890F9440095
:10ABC000013028B9FFE70399002081F84400FFE72E
:10ABD000039890F94500013028B9FFE70399002058
:10ABE00081F84500FFE7FFF793F804A807A900F0F4
:10ABF0003BF830BBFFE70398FEF768F9D0B1FFE7F9
:10AC0000039824300799FFF7ADFA0398FEF7E4FBA9
:10AC100000F03EFB60B9FFE74EF60451CEF20001B2
:10AC20004FF080500860BFF34F8FBFF36F8F00E08D
:10AC3000FFE705E00398FEF7CFFB00F029FBFFE7F5
:10AC40000EE00398FEF7C8FB00F022FB0398FEF726
:10AC50003DF918B1FFE700200A9002E0FFE7FFE7A7
:10AC600063E70A980EB080BD80B588B00590049166
:10AC7000059858B9FFE74FF0500080F31188BFF3F3
:10AC80006F8FBFF34F8F0790FFE7FEE7049858B927
:10AC9000FFE74FF0500080F31188BFF36F8FBFF3D1
:10ACA0004F8F0690FFE7FEE7FFF706F845F6101016
:10ACB000C2F2000000680290029805994968401AA3
:10ACC000019004980068013018B9FFE70020039054
:10ACD0002BE045F67800C2F200000068059909688B
:10ACE000884209D0FFE7029805994968884203D352
:10ACF000FFE70120039017E0019804990968884252
:10AD00000BD2FFE7019A04990868801A0860059839
:10AD1000FFF70EFA0020039005E004990020086078
:10AD200001200390FFE7FFE7FFE7FEF7F1FF03983D
:10AD300008B080BD70B58CB0DDF844C0DDF840C00F
:10AD40000B900A91ADF826200893BDF826008000EC
:10AD5000FEF79AFB0590059880B1FFE75C20FEF7AF
:10AD600093FB0790079820B1FFE7059807990863C0
:10AD700003E00598FEF7F2FFFFE702E000200790EE
:10AD8000FFE70798F0B1FFE70798002680F85960C1
:10AD90000B980A99BDF82620089BDDF840C0119C4D
:10ADA000079DEE46CEF80C60CEF80850CEF8044071
:10ADB000CEF800C0FDF708FF0798FDF77DFC0120E5
:10ADC000069003E04FF0FF300690FFE706980CB0C6
:10ADD00070BD0000B0B58EB0DDF850C0DDF84CC0DD
:10ADE000DDF848C00A90099108920793139858B962
:10ADF000FFE74FF0500080F31188BFF36F8FBFF370
:10AE00004F8F0D90FFE7FEE7149858B9FFE74FF01A
:10AE1000500080F31188BFF36F8FBFF34F8F0C90FA
:10AE2000FFE7FEE75C20049004985C280BD0FFE766
:10AE30004FF0500080F31188BFF36F8FBFF34F8F37
:10AE40000B90FFE7FEE70498149820B3FFE71398F0
:10AE500008B3FFE7149806901398069908630699BB
:10AE6000022081F859000A980999089A079BDDF891
:10AE700048C0069CEE460025CEF80C50CEF808409F
:10AE800005ACCEF80440CEF800C0FDF79DFE069854
:10AE9000FDF712FC02E000200590FFE705980EB0D8
:10AEA000B0BD000081B045F6DC00C2F200000068D1
:10AEB00018B9FFE7012000900DE045F25010C2F2F2
:10AEC0000000006818B9FFE70220009002E00020AF
:10AED0000090FFE7FFE7009801B0704781B045F6AA
:10AEE0001010C2F2000000680090009801B0704796
:10AEF00080B582B0FEF7BCFF0020009045F6101030
:10AF0000C2F2000000680190019802B080BD00000C
:10AF100080B586B00020029045F25010C2F20000C9
:10AF20000068002840F0CB80FFE745F61011C2F220
:10AF3000000108680130019001980860019858BB31
:10AF4000FFE741F29000C2F200000068006858B1CB
:10AF5000FFE74FF0500080F31188BFF36F8FBFF30E
:10AF60004F8F0590FFE7FEE741F29002C2F2000228
:10AF70001068009041F29801C2F200010868106068
:10AF80000098086045F67801C2F2000108680130B7
:10AF90000860FEF73BF900E0FFE7019845F6740111
:10AFA000C2F200010968884268D3FFE7FFE741F277
:10AFB0009000C2F200000068006840B9FFE745F663
:10AFC0007401C2F200014FF0FF30086055E041F219
:10AFD0009000C2F200000068C068C0680490049845
:10AFE0004068039001980399884207D2FFE70398CD
:10AFF00045F67401C2F2000108603EE0FFE70498E4
:10B000000430FEF78BFD0498806A28B1FFE70498AE
:10B010001830FEF783FD00E0FFE70498C06A45F2B0
:10B020005811C2F200010968884208D9FFE7049864
:10B03000C06A45F25811C2F200010860FFE70499A6
:10B04000C86A00EB800241F2A000C2F2000000EBEF
:10B0500082000431FEF708FE0498C06A41F28801BC
:10B06000C2F200010968C96A884203D3FFE70120E0
:10B07000029000E0FFE7FFE799E7FFE741F2880071
:10B08000C2F200000068C06A00EB800141F2A0003B
:10B09000C2F2000050F82100022803D3FFE701208C
:10B0A000029000E0FFE745F61C10C2F200000068C5
:10B0B00018B1FFE70120029000E0FFE707E045F646
:10B0C0008401C2F20001086801300860FFE70298BD
:10B0D00006B080BD80B586B0039003980290002032
:10B0E00001900398002867D0FFE7029841F2880199
:10B0F000C2F20001096888420BD0FFE74FF0500010
:10B1000080F31188BFF36F8FBFF34F8F0590FFE778
:10B11000FEE70298006D58B9FFE74FF0500080F34A
:10B120001188BFF36F8FBFF34F8F0490FFE7FEE7E7
:10B130000299086D013808650299C86AC96C88428D
:10B1400038D0FFE70298006D90BBFFE7029804300B
:10B15000FEF7E4FC08B9FFE700E0FFE70299C86CDE
:10B16000C8620299C86AC0F1380088610298C06A52
:10B1700045F25811C2F200010968884208D9FFE778
:10B180000298C06A45F25811C2F200010860FFE758
:10B190000299C86A00EB800241F2A000C2F20000EE
:10B1A00000EB82000431FEF75FFD0120019000E01A
:10B1B000FFE700E0FFE700E0FFE7019806B080BD91
:10B1C00080B584B002900298C068C0680190019870
:10B1D00058B9FFE74FF0500080F31188BFF36F8F2D
:10B1E000BFF34F8F0390FFE7FEE701981830FEF79B
:10B1F00095FC45F25010C2F20000006820BBFFE74A
:10B2000001980430FEF78AFC0198C06A45F2581193
:10B21000C2F200010968884208D9FFE70198C06AB4
:10B2200045F25811C2F200010860FFE70199C86AAF
:10B2300000EB800241F2A000C2F2000000EB8200AD
:10B240000431FEF711FD09E0019800F1180145F6FF
:10B250008800C2F20000FEF707FDFFE70198C06A10
:10B2600041F28801C2F200010968C96A884208D91E
:10B27000FFE70120009045F61C11C2F200010860B2
:10B2800002E000200090FFE7009804B080BD0000BD
:10B2900080B584B000200290019045F25010C2F2B7
:10B2A0000000006858B9FFE74FF0500080F31188A4
:10B2B000BFF36F8FBFF34F8F0390FFE7FEE7FEF7FB
:10B2C000FBFC45F25010C2F2000001680139016038
:10B2D0000068002840F09980FFE745F24810C2F26C
:10B2E00000000068002800F08F80FFE7FFE745F6C8
:10B2F0008800C2F200000068002842D0FFE745F64F
:10B300008800C2F20000C068C0680290029818303D
:10B31000FEF704FC02980430FEF700FC0298C06AB5
:10B3200045F25811C2F200010968884208D9FFE7C6
:10B330000298C06A45F25811C2F200010860FFE7A6
:10B340000299C86A00EB800241F2A000C2F200003C
:10B3500000EB82000431FEF787FC0298C06A41F2DC
:10B360008801C2F200010968C96A884207D3FFE771
:10B3700045F61C11C2F200010120086000E0FFE761
:10B38000B5E7029818B1FFE7FDF740FFFFE745F684
:10B390008400C2F20000006800900098E0B1FFE76E
:10B3A000FFE7FFF7B5FD38B1FFE745F61C11C2F224
:10B3B00000010120086000E0FFE7009801380090DC
:10B3C000FFE700980028ECD1FFE745F68401C2F2C0
:10B3D00000010020086000E0FFE745F61C10C2F203
:10B3E0000000006870B1FFE7012001904EF60451A3
:10B3F000CEF200014FF080500860BFF34F8FBFF3D3
:10B400006F8F00E0FFE7FFE700E0FFE7FEF780FC5B
:10B41000019804B080BD000080B58AB0002008907B
:10B42000FDF7DCF945F61410C2F20000006858B3CD
:10B43000FFE7002004900790069007A806A905AA38
:10B44000FEF7A6FB049B059A0698DDF81CC069462A
:10B45000C1F808C048600220086049F2B930C0F65F
:10B4600000004BF6B911C0F60001FFF7B3FC01462E
:10B4700045F61810C2F200000160006818B1FFE73D
:10B4800001200890FFE700E0FFE7089858B9FFE7C0
:10B490004FF0500080F31188BFF36F8FBFF34F8FD1
:10B4A0000990FFE7FEE708980AB080BD80B58AB032
:10B4B000DDF830C0089007910692059300200490B3
:10B4C000089858B9FFE74FF0500080F31188BFF398
:10B4D0006F8FBFF34F8F0990FFE7FEE745F614101B
:10B4E000C2F200000068A8B3FFE707980090069832
:10B4F000019008980290079805281EDCFFE7FFF7E7
:10B50000D1FC02280CD1FFE745F61410C2F200006E
:10B5100000680C9A69460023FFF7FCF804900BE0E2
:10B5200045F61410C2F200000068694600231A466E
:10B53000FFF7F0F80490FFE70BE045F61410C2F2B5
:10B5400000000068059A69460023FFF7F9F90490A6
:10B55000FFE700E0FFE704980AB080BD491058BF3C
:10B56000C1F140415B1058BFC3F140438B42EFF340
:10B570000080704751EA030C17D41CF5801F58BF98
:10B58000BCF5801F00F10680994218BF704708BFC4
:10B590009042704707D711F5801F58BF13F5801FE1
:10B5A00019D499427047894270471CF5801F08D50D
:10B5B000BCF5801FF7D58B4218BF704708BF824289
:10B5C00070474FF4001C1CEB410F38BF1CEB430FBE
:10B5D00001D28B42704770B500F080F89224490088
:10B5E0004FF000514FF08053FFF7B8BF51EA030C02
:10B5F00017D41CF5801F58BFBCF5801F00F10680D2
:10B60000994218BF704708BF9042704707D711F59D
:10B61000801F58BF13F5801F19D499427047894283
:10B6200070471CF5801F08D5BCF5801FF7D58B42ED
:10B6300018BF704708BF824270474FF4001C1CEBD4
:10B64000410F38BF1CEB430F01D28B42704770B5DE
:10B6500000F044F8922449004FF080514FF000531D
:10B66000FFF77CBF51EA030C17D41CF5801F58BFAD
:10B67000BCF5801F00F10680994218BF704708BFD3
:10B680009042704707D711F5801F58BF13F5801FF0
:10B6900019D499427047894270471CF5801F08D51C
:10B6A000BCF5801FF7D58B4218BF704708BF824298
:10B6B00070474FF4001C1CEB410F38BF1CEB430FCD
:10B6C00001D28B42704770B500F008F8922449000F
:10B6D0004FF000514FF08053FFF740BF0EF1020EC4
:10B6E0002EF0030E5EF8046B364205D4012A43EBBC
:10B6F000030515F5001F12D8012841EB010C1CF5BC
:10B70000001F0CD80ED14FEAD17C0CEB4C0C0CF185
:10B71000020C15F5001F08BF4CEBD37C04E04FF082
:10B72000080C01E04FEAD37C0CEB4C0526FA05F639
:10B7300006F00706B6F1040C06D20EEB860CBDE847
:10B7400070404CF0010C6047DFE80CF0090B02027E
:10B750004FF00041A1F500214FF0000070BD1946E7
:10B760001046012851EB010418BFD4F5001484BF22
:10B77000002001F0004170BD0808A0F500114FEA5B
:10B780003101704743004FEAD30C4FEA3C0C434071
:10B790001FBF40070CF1605113F0FE4F70471CF0C3
:10B7A000006F03D10CF00041002070470CF0004303
:10B7B00043EA507040EACC0010B500F038F800BF02
:10B7C000000000924FEA0001FFF7D6BF4FF00041A2
:10B7D000A1F500214FF00000704710B5FFF7CAFE39
:10B7E0000CBF0120002010BD10B5FFF7C3FE14BF31
:10B7F0000120002010BD10B5FFF7F8FE8CBF01201E
:10B80000002010BD10B5FFF7F1FE2CBF0120002075
:10B8100010BD10B5FFF726FF94BF0120002010BD1A
:10B8200010B5FFF71FFF34BF0120002010BD0EF13F
:10B83000020E2EF0030E5EF8044B244204D44FEAAD
:10B840004102B2F17F4F11D84FEA4003B3F17F4F6D
:10B850000CD80ED14FEAD07C0CEB4C0C0CF1020C46
:10B86000B2F17F4F08BF4CEBD17C04E04FF0080CE5
:10B8700001E04FEAD17C0CEB4C0324FA03F404F012
:10B880000704B4F1040C06D20EEB840CBDE81040A2
:10B890004CF0010C6047DFE80CF0070802024FF0A3
:10B8A0000040A0F5800010BD0846420018BFD2F14C
:10B8B000807288BF00F0004010BDF1EE100A4FF614
:10B8C000FF71C0F2C03120EA010040F04070E1EEAB
:10B8D000100A70470000000000000000010203048D
:10B8E000060708090000000001020304000040C12F
:10B8F0000000EC420000A8C10000CA420000A041C4
:10B90000000034420000A0C10000B44200003442F4
:10B91000000048420000AA42000030420000A0415E
:10B9200000002042A6B9000800000000000000004E
:10B9300000000000000000000002000018000000ED
:10B94000000000000000000099B90008000000009D
:10B9500000000000000000000000000000040000E3
:10B9600018000000000000000000000091B900086D
:10B9700000000000000000000000000000000000C7
:10B98000000200001800000000000000000000009D
:10B99000004C65645461736B00426C6F636B417261
:10B9A0006D5461736B00426565705461736B00493F
:10B9B000444C4500546D725100546D7220537663AF
:10B9C00000000000E8B9000800000020100000009E
:10B9D000C4010008F8B9000810000020106500003C
:10B9E000E0010008000000000024F4000100000055
:08B9F00010000000AAAAAAAA97
:040000050800018965
:00000001FF
